the_geom,station_id,road_name,suburb,cardinal_direction_name,classification_type,year,period,traffic_count,wgs84_latitude,wgs84_longitude
0101000020E61000007730629F80E6624082397AFCDEEE40C0,01004,Western Distributor,Sydney,NORTH,UNCLASSIFIED,2023,ALL DAYS,36900,-33.866180,151.203201
0101000020E61000007730629F80E6624082397AFCDEEE40C0,01004,Western Distributor,Sydney,NORTH,UNCLASSIFIED,2023,AM PEAK,9493,-33.866180,151.203201
0101000020E61000007730629F80E6624082397AFCDEEE40C0,01004,Western Distributor,Sydney,NORTH,UNCLASSIFIED,2023,OFF PEAK,17454,-33.866180,151.203201
0101000020E61000007730629F80E6624082397AFCDEEE40C0,01004,Western Distributor,Sydney,NORTH,UNCLASSIFIED,2023,PM PEAK,11251,-33.866180,151.203201
0101000020E61000007730629F80E6624082397AFCDEEE40C0,01004,Western Distributor,Sydney,NORTH,UNCLASSIFIED,2023,WEEKDAYS,38198,-33.866180,151.203201
0101000020E61000007730629F80E6624082397AFCDEEE40C0,01004,Western Distributor,Sydney,NORTH,UNCLASSIFIED,2023,WEEKENDS,33458,-33.866180,151.203201
0101000020E6100000CE8B135F6DE662408E93C2BCC7F140C0,02384,Cleveland Street,Redfern,EAST,UNCLASSIFIED,2023,ALL DAYS,17773,-33.888908,151.200851
0101000020E6100000CE8B135F6DE662408E93C2BCC7F140C0,02384,Cleveland Street,Redfern,EAST,UNCLASSIFIED,2023,AM PEAK,4638,-33.888908,151.200851
0101000020E6100000CE8B135F6DE662408E93C2BCC7F140C0,02384,Cleveland Street,Redfern,EAST,UNCLASSIFIED,2023,OFF PEAK,9160,-33.888908,151.200851
0101000020E6100000CE8B135F6DE662408E93C2BCC7F140C0,02384,Cleveland Street,Redfern,EAST,UNCLASSIFIED,2023,PM PEAK,4244,-33.888908,151.200851
0101000020E6100000CE8B135F6DE662408E93C2BCC7F140C0,02384,Cleveland Street,Redfern,EAST,UNCLASSIFIED,2023,WEEKDAYS,18042,-33.888908,151.200851
0101000020E6100000CE8B135F6DE662408E93C2BCC7F140C0,02384,Cleveland Street,Redfern,EAST,UNCLASSIFIED,2023,WEEKENDS,17196,-33.888908,151.200851
0101000020E6100000566133C005E76240DA54DD239BF140C0,03018,Eastern Distributor,Moore Park,NORTH,UNCLASSIFIED,2023,ALL DAYS,10021,-33.887547,151.219452
0101000020E6100000566133C005E76240DA54DD239BF140C0,03018,Eastern Distributor,Moore Park,NORTH,UNCLASSIFIED,2023,AM PEAK,3394,-33.887547,151.219452
0101000020E6100000566133C005E76240DA54DD239BF140C0,03018,Eastern Distributor,Moore Park,NORTH,UNCLASSIFIED,2023,OFF PEAK,4447,-33.887547,151.219452
0101000020E6100000566133C005E76240DA54DD239BF140C0,03018,Eastern Distributor,Moore Park,NORTH,UNCLASSIFIED,2023,PM PEAK,2472,-33.887547,151.219452
0101000020E6100000566133C005E76240DA54DD239BF140C0,03018,Eastern Distributor,Moore Park,NORTH,UNCLASSIFIED,2023,WEEKDAYS,10313,-33.887547,151.219452
0101000020E6100000566133C005E76240DA54DD239BF140C0,03018,Eastern Distributor,Moore Park,NORTH,UNCLASSIFIED,2023,WEEKENDS,9110,-33.887547,151.219452
0101000020E61000004B04AA7F10E76240A8E0F08288F240C0,03022,Cleveland Street,Moore Park,EAST,UNCLASSIFIED,2023,ALL DAYS,11308,-33.894791,151.220764
0101000020E61000004B04AA7F10E76240A8E0F08288F240C0,03022,Cleveland Street,Moore Park,EAST,UNCLASSIFIED,2023,AM PEAK,2736,-33.894791,151.220764
0101000020E61000004B04AA7F10E76240A8E0F08288F240C0,03022,Cleveland Street,Moore Park,EAST,UNCLASSIFIED,2023,OFF PEAK,5670,-33.894791,151.220764
0101000020E61000004B04AA7F10E76240A8E0F08288F240C0,03022,Cleveland Street,Moore Park,EAST,UNCLASSIFIED,2023,PM PEAK,2831,-33.894791,151.220764
0101000020E61000004B04AA7F10E76240A8E0F08288F240C0,03022,Cleveland Street,Moore Park,EAST,UNCLASSIFIED,2023,WEEKDAYS,11237,-33.894791,151.220764
0101000020E61000004B04AA7F10E76240A8E0F08288F240C0,03022,Cleveland Street,Moore Park,EAST,UNCLASSIFIED,2023,WEEKENDS,11433,-33.894791,151.220764
0101000020E610000060915F3F44F66240F1660DDE577B40C0,05201,Pacific Highway,Charlestown,SOUTH,UNCLASSIFIED,2023,ALL DAYS,12513,-32.963619,151.695831
0101000020E610000060915F3F44F66240F1660DDE577B40C0,05201,Pacific Highway,Charlestown,SOUTH,UNCLASSIFIED,2023,AM PEAK,2550,-32.963619,151.695831
0101000020E610000060915F3F44F66240F1660DDE577B40C0,05201,Pacific Highway,Charlestown,SOUTH,UNCLASSIFIED,2023,OFF PEAK,6092,-32.963619,151.695831
0101000020E610000060915F3F44F66240F1660DDE577B40C0,05201,Pacific Highway,Charlestown,SOUTH,UNCLASSIFIED,2023,PM PEAK,4728,-32.963619,151.695831
0101000020E610000060915F3F44F66240F1660DDE577B40C0,05201,Pacific Highway,Charlestown,SOUTH,UNCLASSIFIED,2023,WEEKDAYS,13370,-32.963619,151.695831
0101000020E610000060915F3F44F66240F1660DDE577B40C0,05201,Pacific Highway,Charlestown,SOUTH,UNCLASSIFIED,2023,WEEKENDS,10190,-32.963619,151.695831
0101000020E6100000A0504F1F01E8624052F2EA1C03F240C0,10052,Syd Einfeld Drive,Bondi Junction,WEST,UNCLASSIFIED,2023,ALL DAYS,22923,-33.890720,151.250137
0101000020E6100000A0504F1F01E8624052F2EA1C03F240C0,10052,Syd Einfeld Drive,Bondi Junction,WEST,UNCLASSIFIED,2023,AM PEAK,6214,-33.890720,151.250137
0101000020E6100000A0504F1F01E8624052F2EA1C03F240C0,10052,Syd Einfeld Drive,Bondi Junction,WEST,UNCLASSIFIED,2023,OFF PEAK,11217,-33.890720,151.250137
0101000020E6100000A0504F1F01E8624052F2EA1C03F240C0,10052,Syd Einfeld Drive,Bondi Junction,WEST,UNCLASSIFIED,2023,PM PEAK,5669,-33.890720,151.250137
0101000020E6100000A0504F1F01E8624052F2EA1C03F240C0,10052,Syd Einfeld Drive,Bondi Junction,WEST,UNCLASSIFIED,2023,WEEKDAYS,23100,-33.890720,151.250137
0101000020E6100000A0504F1F01E8624052F2EA1C03F240C0,10052,Syd Einfeld Drive,Bondi Junction,WEST,UNCLASSIFIED,2023,WEEKENDS,22859,-33.890720,151.250137
0101000020E610000089D2DEE08BE562400C7558E196F140C0,19065,Parramatta Road,Annandale,BOTH,UNCLASSIFIED,2023,ALL DAYS,59332,-33.887417,151.173325
0101000020E610000089D2DEE08BE562400C7558E196F140C0,19065,Parramatta Road,Annandale,EAST,UNCLASSIFIED,2023,ALL DAYS,28853,-33.887417,151.173325
0101000020E610000089D2DEE08BE562400C7558E196F140C0,19065,Parramatta Road,Annandale,WEST,UNCLASSIFIED,2023,ALL DAYS,30479,-33.887417,151.173325
0101000020E610000089D2DEE08BE562400C7558E196F140C0,19065,Parramatta Road,Annandale,BOTH,UNCLASSIFIED,2023,AM PEAK,14131,-33.887417,151.173325
0101000020E610000089D2DEE08BE562400C7558E196F140C0,19065,Parramatta Road,Annandale,EAST,UNCLASSIFIED,2023,AM PEAK,9804,-33.887417,151.173325
0101000020E610000089D2DEE08BE562400C7558E196F140C0,19065,Parramatta Road,Annandale,WEST,UNCLASSIFIED,2023,AM PEAK,4327,-33.887417,151.173325
0101000020E610000089D2DEE08BE562400C7558E196F140C0,19065,Parramatta Road,Annandale,BOTH,UNCLASSIFIED,2023,OFF PEAK,30990,-33.887417,151.173325
0101000020E610000089D2DEE08BE562400C7558E196F140C0,19065,Parramatta Road,Annandale,EAST,UNCLASSIFIED,2023,OFF PEAK,13989,-33.887417,151.173325
0101000020E610000089D2DEE08BE562400C7558E196F140C0,19065,Parramatta Road,Annandale,WEST,UNCLASSIFIED,2023,OFF PEAK,17001,-33.887417,151.173325
0101000020E610000089D2DEE08BE562400C7558E196F140C0,19065,Parramatta Road,Annandale,BOTH,UNCLASSIFIED,2023,PM PEAK,15222,-33.887417,151.173325
0101000020E610000089D2DEE08BE562400C7558E196F140C0,19065,Parramatta Road,Annandale,EAST,UNCLASSIFIED,2023,PM PEAK,5772,-33.887417,151.173325
0101000020E610000089D2DEE08BE562400C7558E196F140C0,19065,Parramatta Road,Annandale,WEST,UNCLASSIFIED,2023,PM PEAK,9450,-33.887417,151.173325
0101000020E610000089D2DEE08BE562400C7558E196F140C0,19065,Parramatta Road,Annandale,BOTH,UNCLASSIFIED,2023,WEEKDAYS,60343,-33.887417,151.173325
0101000020E610000089D2DEE08BE562400C7558E196F140C0,19065,Parramatta Road,Annandale,EAST,UNCLASSIFIED,2023,WEEKDAYS,29565,-33.887417,151.173325
0101000020E610000089D2DEE08BE562400C7558E196F140C0,19065,Parramatta Road,Annandale,WEST,UNCLASSIFIED,2023,WEEKDAYS,30778,-33.887417,151.173325
0101000020E610000089D2DEE08BE562400C7558E196F140C0,19065,Parramatta Road,Annandale,BOTH,UNCLASSIFIED,2023,WEEKENDS,57161,-33.887417,151.173325
0101000020E610000089D2DEE08BE562400C7558E196F140C0,19065,Parramatta Road,Annandale,EAST,UNCLASSIFIED,2023,WEEKENDS,27381,-33.887417,151.173325
0101000020E610000089D2DEE08BE562400C7558E196F140C0,19065,Parramatta Road,Annandale,WEST,UNCLASSIFIED,2023,WEEKENDS,29780,-33.887417,151.173325
0101000020E6100000AED7F4A0A0E76240770FD07D39E940C0,22043,Ourimbah Road,Mosman,BOTH,UNCLASSIFIED,2023,ALL DAYS,20614,-33.822067,151.238358
0101000020E6100000AED7F4A0A0E76240770FD07D39E940C0,22043,Ourimbah Road,Mosman,EAST,UNCLASSIFIED,2023,ALL DAYS,9278,-33.822067,151.238358
0101000020E6100000AED7F4A0A0E76240770FD07D39E940C0,22043,Ourimbah Road,Mosman,WEST,UNCLASSIFIED,2023,ALL DAYS,11336,-33.822067,151.238358
0101000020E6100000AED7F4A0A0E76240770FD07D39E940C0,22043,Ourimbah Road,Mosman,BOTH,UNCLASSIFIED,2023,AM PEAK,6229,-33.822067,151.238358
0101000020E6100000AED7F4A0A0E76240770FD07D39E940C0,22043,Ourimbah Road,Mosman,EAST,UNCLASSIFIED,2023,AM PEAK,2284,-33.822067,151.238358
0101000020E6100000AED7F4A0A0E76240770FD07D39E940C0,22043,Ourimbah Road,Mosman,WEST,UNCLASSIFIED,2023,AM PEAK,3945,-33.822067,151.238358
0101000020E6100000AED7F4A0A0E76240770FD07D39E940C0,22043,Ourimbah Road,Mosman,BOTH,UNCLASSIFIED,2023,OFF PEAK,8807,-33.822067,151.238358
0101000020E6100000AED7F4A0A0E76240770FD07D39E940C0,22043,Ourimbah Road,Mosman,EAST,UNCLASSIFIED,2023,OFF PEAK,3972,-33.822067,151.238358
0101000020E6100000AED7F4A0A0E76240770FD07D39E940C0,22043,Ourimbah Road,Mosman,WEST,UNCLASSIFIED,2023,OFF PEAK,4835,-33.822067,151.238358
0101000020E6100000AED7F4A0A0E76240770FD07D39E940C0,22043,Ourimbah Road,Mosman,BOTH,UNCLASSIFIED,2023,PM PEAK,6318,-33.822067,151.238358
0101000020E6100000AED7F4A0A0E76240770FD07D39E940C0,22043,Ourimbah Road,Mosman,EAST,UNCLASSIFIED,2023,PM PEAK,3274,-33.822067,151.238358
0101000020E6100000AED7F4A0A0E76240770FD07D39E940C0,22043,Ourimbah Road,Mosman,WEST,UNCLASSIFIED,2023,PM PEAK,3044,-33.822067,151.238358
0101000020E6100000AED7F4A0A0E76240770FD07D39E940C0,22043,Ourimbah Road,Mosman,BOTH,UNCLASSIFIED,2023,WEEKDAYS,21354,-33.822067,151.238358
0101000020E6100000AED7F4A0A0E76240770FD07D39E940C0,22043,Ourimbah Road,Mosman,EAST,UNCLASSIFIED,2023,WEEKDAYS,9530,-33.822067,151.238358
0101000020E6100000AED7F4A0A0E76240770FD07D39E940C0,22043,Ourimbah Road,Mosman,WEST,UNCLASSIFIED,2023,WEEKDAYS,11824,-33.822067,151.238358
0101000020E6100000AED7F4A0A0E76240770FD07D39E940C0,22043,Ourimbah Road,Mosman,BOTH,UNCLASSIFIED,2023,WEEKENDS,18595,-33.822067,151.238358
0101000020E6100000AED7F4A0A0E76240770FD07D39E940C0,22043,Ourimbah Road,Mosman,EAST,UNCLASSIFIED,2023,WEEKENDS,8356,-33.822067,151.238358
0101000020E6100000AED7F4A0A0E76240770FD07D39E940C0,22043,Ourimbah Road,Mosman,WEST,UNCLASSIFIED,2023,WEEKENDS,10239,-33.822067,151.238358
0101000020E6100000094E7D2079E2624030F65E7CD1F640C0,24014,Canterbury Road,Roselands,BOTH,UNCLASSIFIED,2023,ALL DAYS,42478,-33.928268,151.077286
0101000020E6100000094E7D2079E2624030F65E7CD1F640C0,24014,Canterbury Road,Roselands,EAST,UNCLASSIFIED,2023,ALL DAYS,22095,-33.928268,151.077286
0101000020E6100000094E7D2079E2624030F65E7CD1F640C0,24014,Canterbury Road,Roselands,WEST,UNCLASSIFIED,2023,ALL DAYS,20383,-33.928268,151.077286
0101000020E6100000094E7D2079E2624030F65E7CD1F640C0,24014,Canterbury Road,Roselands,BOTH,UNCLASSIFIED,2023,AM PEAK,9464,-33.928268,151.077286
0101000020E6100000094E7D2079E2624030F65E7CD1F640C0,24014,Canterbury Road,Roselands,EAST,UNCLASSIFIED,2023,AM PEAK,5547,-33.928268,151.077286
0101000020E6100000094E7D2079E2624030F65E7CD1F640C0,24014,Canterbury Road,Roselands,WEST,UNCLASSIFIED,2023,AM PEAK,3917,-33.928268,151.077286
0101000020E6100000094E7D2079E2624030F65E7CD1F640C0,24014,Canterbury Road,Roselands,BOTH,UNCLASSIFIED,2023,OFF PEAK,22896,-33.928268,151.077286
0101000020E6100000094E7D2079E2624030F65E7CD1F640C0,24014,Canterbury Road,Roselands,EAST,UNCLASSIFIED,2023,OFF PEAK,11501,-33.928268,151.077286
0101000020E6100000094E7D2079E2624030F65E7CD1F640C0,24014,Canterbury Road,Roselands,WEST,UNCLASSIFIED,2023,OFF PEAK,11395,-33.928268,151.077286
0101000020E6100000094E7D2079E2624030F65E7CD1F640C0,24014,Canterbury Road,Roselands,BOTH,UNCLASSIFIED,2023,PM PEAK,10716,-33.928268,151.077286
0101000020E6100000094E7D2079E2624030F65E7CD1F640C0,24014,Canterbury Road,Roselands,EAST,UNCLASSIFIED,2023,PM PEAK,5453,-33.928268,151.077286
0101000020E6100000094E7D2079E2624030F65E7CD1F640C0,24014,Canterbury Road,Roselands,WEST,UNCLASSIFIED,2023,PM PEAK,5263,-33.928268,151.077286
0101000020E6100000094E7D2079E2624030F65E7CD1F640C0,24014,Canterbury Road,Roselands,BOTH,UNCLASSIFIED,2023,WEEKDAYS,43076,-33.928268,151.077286
0101000020E6100000094E7D2079E2624030F65E7CD1F640C0,24014,Canterbury Road,Roselands,EAST,UNCLASSIFIED,2023,WEEKDAYS,22501,-33.928268,151.077286
0101000020E6100000094E7D2079E2624030F65E7CD1F640C0,24014,Canterbury Road,Roselands,WEST,UNCLASSIFIED,2023,WEEKDAYS,20575,-33.928268,151.077286
0101000020E6100000094E7D2079E2624030F65E7CD1F640C0,24014,Canterbury Road,Roselands,BOTH,UNCLASSIFIED,2023,WEEKENDS,41142,-33.928268,151.077286
0101000020E6100000094E7D2079E2624030F65E7CD1F640C0,24014,Canterbury Road,Roselands,EAST,UNCLASSIFIED,2023,WEEKENDS,21106,-33.928268,151.077286
0101000020E6100000094E7D2079E2624030F65E7CD1F640C0,24014,Canterbury Road,Roselands,WEST,UNCLASSIFIED,2023,WEEKENDS,20036,-33.928268,151.077286
0101000020E6100000E3361AC05BE26240BABC395CABF740C0,24026,King Georges Road,Roselands,SOUTH,UNCLASSIFIED,2023,ALL DAYS,32669,-33.934917,151.073700
0101000020E6100000E3361AC05BE26240BABC395CABF740C0,24026,King Georges Road,Roselands,SOUTH,UNCLASSIFIED,2023,AM PEAK,7468,-33.934917,151.073700
0101000020E6100000E3361AC05BE26240BABC395CABF740C0,24026,King Georges Road,Roselands,SOUTH,UNCLASSIFIED,2023,OFF PEAK,17726,-33.934917,151.073700
0101000020E6100000E3361AC05BE26240BABC395CABF740C0,24026,King Georges Road,Roselands,SOUTH,UNCLASSIFIED,2023,PM PEAK,7689,-33.934917,151.073700
0101000020E6100000E3361AC05BE26240BABC395CABF740C0,24026,King Georges Road,Roselands,SOUTH,UNCLASSIFIED,2023,WEEKDAYS,32883,-33.934917,151.073700
0101000020E6100000E3361AC05BE26240BABC395CABF740C0,24026,King Georges Road,Roselands,SOUTH,UNCLASSIFIED,2023,WEEKENDS,32353,-33.934917,151.073700
0101000020E61000002D26361F57E26240CE55F31C91F140C0,28022,Liverpool Road,Strathfield South,BOTH,UNCLASSIFIED,2023,ALL DAYS,51964,-33.887241,151.073135
0101000020E61000002D26361F57E26240CE55F31C91F140C0,28022,Liverpool Road,Strathfield South,EAST,UNCLASSIFIED,2023,ALL DAYS,25320,-33.887241,151.073135
0101000020E61000002D26361F57E26240CE55F31C91F140C0,28022,Liverpool Road,Strathfield South,WEST,UNCLASSIFIED,2023,ALL DAYS,26644,-33.887241,151.073135
0101000020E61000002D26361F57E26240CE55F31C91F140C0,28022,Liverpool Road,Strathfield South,BOTH,UNCLASSIFIED,2023,AM PEAK,11991,-33.887241,151.073135
0101000020E61000002D26361F57E26240CE55F31C91F140C0,28022,Liverpool Road,Strathfield South,EAST,UNCLASSIFIED,2023,AM PEAK,7080,-33.887241,151.073135
0101000020E61000002D26361F57E26240CE55F31C91F140C0,28022,Liverpool Road,Strathfield South,WEST,UNCLASSIFIED,2023,AM PEAK,4911,-33.887241,151.073135
0101000020E61000002D26361F57E26240CE55F31C91F140C0,28022,Liverpool Road,Strathfield South,BOTH,UNCLASSIFIED,2023,OFF PEAK,27032,-33.887241,151.073135
0101000020E61000002D26361F57E26240CE55F31C91F140C0,28022,Liverpool Road,Strathfield South,EAST,UNCLASSIFIED,2023,OFF PEAK,12593,-33.887241,151.073135
0101000020E61000002D26361F57E26240CE55F31C91F140C0,28022,Liverpool Road,Strathfield South,WEST,UNCLASSIFIED,2023,OFF PEAK,14439,-33.887241,151.073135
0101000020E61000002D26361F57E26240CE55F31C91F140C0,28022,Liverpool Road,Strathfield South,BOTH,UNCLASSIFIED,2023,PM PEAK,14077,-33.887241,151.073135
0101000020E61000002D26361F57E26240CE55F31C91F140C0,28022,Liverpool Road,Strathfield South,EAST,UNCLASSIFIED,2023,PM PEAK,6436,-33.887241,151.073135
0101000020E61000002D26361F57E26240CE55F31C91F140C0,28022,Liverpool Road,Strathfield South,WEST,UNCLASSIFIED,2023,PM PEAK,7641,-33.887241,151.073135
0101000020E61000002D26361F57E26240CE55F31C91F140C0,28022,Liverpool Road,Strathfield South,BOTH,UNCLASSIFIED,2023,WEEKDAYS,53100,-33.887241,151.073135
0101000020E61000002D26361F57E26240CE55F31C91F140C0,28022,Liverpool Road,Strathfield South,EAST,UNCLASSIFIED,2023,WEEKDAYS,26109,-33.887241,151.073135
0101000020E61000002D26361F57E26240CE55F31C91F140C0,28022,Liverpool Road,Strathfield South,WEST,UNCLASSIFIED,2023,WEEKDAYS,26991,-33.887241,151.073135
0101000020E61000002D26361F57E26240CE55F31C91F140C0,28022,Liverpool Road,Strathfield South,BOTH,UNCLASSIFIED,2023,WEEKENDS,48420,-33.887241,151.073135
0101000020E61000002D26361F57E26240CE55F31C91F140C0,28022,Liverpool Road,Strathfield South,EAST,UNCLASSIFIED,2023,WEEKENDS,23469,-33.887241,151.073135
0101000020E61000002D26361F57E26240CE55F31C91F140C0,28022,Liverpool Road,Strathfield South,WEST,UNCLASSIFIED,2023,WEEKENDS,24951,-33.887241,151.073135
0101000020E6100000D9EE1EA0FBE262402E9276A38FE940C0,29005,Concord Road,Rhodes,NORTH,ALL VEHICLES,2023,ALL DAYS,48587,-33.824696,151.093216
0101000020E6100000D9EE1EA0FBE262402E9276A38FE940C0,29005,Concord Road,Rhodes,NORTH,LIGHT VEHICLES,2023,ALL DAYS,44774,-33.824696,151.093216
0101000020E6100000D9EE1EA0FBE262402E9276A38FE940C0,29005,Concord Road,Rhodes,NORTH,HEAVY VEHICLES,2023,ALL DAYS,3813,-33.824696,151.093216
0101000020E6100000D9EE1EA0FBE262402E9276A38FE940C0,29005,Concord Road,Rhodes,NORTH,ALL VEHICLES,2023,AM PEAK,12189,-33.824696,151.093216
0101000020E6100000D9EE1EA0FBE262402E9276A38FE940C0,29005,Concord Road,Rhodes,NORTH,LIGHT VEHICLES,2023,AM PEAK,10754,-33.824696,151.093216
0101000020E6100000D9EE1EA0FBE262402E9276A38FE940C0,29005,Concord Road,Rhodes,NORTH,HEAVY VEHICLES,2023,AM PEAK,1435,-33.824696,151.093216
0101000020E6100000D9EE1EA0FBE262402E9276A38FE940C0,29005,Concord Road,Rhodes,NORTH,ALL VEHICLES,2023,OFF PEAK,22620,-33.824696,151.093216
0101000020E6100000D9EE1EA0FBE262402E9276A38FE940C0,29005,Concord Road,Rhodes,NORTH,LIGHT VEHICLES,2023,OFF PEAK,20576,-33.824696,151.093216
0101000020E6100000D9EE1EA0FBE262402E9276A38FE940C0,29005,Concord Road,Rhodes,NORTH,HEAVY VEHICLES,2023,OFF PEAK,2044,-33.824696,151.093216
0101000020E6100000D9EE1EA0FBE262402E9276A38FE940C0,29005,Concord Road,Rhodes,NORTH,ALL VEHICLES,2023,PM PEAK,12054,-33.824696,151.093216
0101000020E6100000D9EE1EA0FBE262402E9276A38FE940C0,29005,Concord Road,Rhodes,NORTH,LIGHT VEHICLES,2023,PM PEAK,11430,-33.824696,151.093216
0101000020E6100000D9EE1EA0FBE262402E9276A38FE940C0,29005,Concord Road,Rhodes,NORTH,HEAVY VEHICLES,2023,PM PEAK,624,-33.824696,151.093216
0101000020E6100000D9EE1EA0FBE262402E9276A38FE940C0,29005,Concord Road,Rhodes,NORTH,ALL VEHICLES,2023,WEEKDAYS,46863,-33.824696,151.093216
0101000020E6100000D9EE1EA0FBE262402E9276A38FE940C0,29005,Concord Road,Rhodes,NORTH,LIGHT VEHICLES,2023,WEEKDAYS,42760,-33.824696,151.093216
0101000020E6100000D9EE1EA0FBE262402E9276A38FE940C0,29005,Concord Road,Rhodes,NORTH,HEAVY VEHICLES,2023,WEEKDAYS,4103,-33.824696,151.093216
0101000020E6100000D9EE1EA0FBE262402E9276A38FE940C0,29005,Concord Road,Rhodes,NORTH,ALL VEHICLES,2023,WEEKENDS,43754,-33.824696,151.093216
0101000020E6100000D9EE1EA0FBE262402E9276A38FE940C0,29005,Concord Road,Rhodes,NORTH,LIGHT VEHICLES,2023,WEEKENDS,41844,-33.824696,151.093216
0101000020E6100000D9EE1EA0FBE262402E9276A38FE940C0,29005,Concord Road,Rhodes,NORTH,HEAVY VEHICLES,2023,WEEKENDS,1910,-33.824696,151.093216
0101000020E6100000139CFA4072E56240984D8061F9E740C0,32022,Epping Road,Lane Cove,BOTH,UNCLASSIFIED,2023,ALL DAYS,21829,-33.812298,151.170197
0101000020E6100000139CFA4072E56240984D8061F9E740C0,32022,Epping Road,Lane Cove,EAST,UNCLASSIFIED,2023,ALL DAYS,537,-33.812298,151.170197
0101000020E6100000139CFA4072E56240984D8061F9E740C0,32022,Epping Road,Lane Cove,WEST,UNCLASSIFIED,2023,ALL DAYS,21292,-33.812298,151.170197
0101000020E6100000139CFA4072E56240984D8061F9E740C0,32022,Epping Road,Lane Cove,BOTH,UNCLASSIFIED,2023,AM PEAK,4436,-33.812298,151.170197
0101000020E6100000139CFA4072E56240984D8061F9E740C0,32022,Epping Road,Lane Cove,EAST,UNCLASSIFIED,2023,AM PEAK,256,-33.812298,151.170197
0101000020E6100000139CFA4072E56240984D8061F9E740C0,32022,Epping Road,Lane Cove,WEST,UNCLASSIFIED,2023,AM PEAK,4180,-33.812298,151.170197
0101000020E6100000139CFA4072E56240984D8061F9E740C0,32022,Epping Road,Lane Cove,BOTH,UNCLASSIFIED,2023,OFF PEAK,11925,-33.812298,151.170197
0101000020E6100000139CFA4072E56240984D8061F9E740C0,32022,Epping Road,Lane Cove,EAST,UNCLASSIFIED,2023,OFF PEAK,221,-33.812298,151.170197
0101000020E6100000139CFA4072E56240984D8061F9E740C0,32022,Epping Road,Lane Cove,WEST,UNCLASSIFIED,2023,OFF PEAK,11704,-33.812298,151.170197
0101000020E6100000139CFA4072E56240984D8061F9E740C0,32022,Epping Road,Lane Cove,BOTH,UNCLASSIFIED,2023,PM PEAK,6681,-33.812298,151.170197
0101000020E6100000139CFA4072E56240984D8061F9E740C0,32022,Epping Road,Lane Cove,EAST,UNCLASSIFIED,2023,PM PEAK,166,-33.812298,151.170197
0101000020E6100000139CFA4072E56240984D8061F9E740C0,32022,Epping Road,Lane Cove,WEST,UNCLASSIFIED,2023,PM PEAK,6515,-33.812298,151.170197
0101000020E6100000139CFA4072E56240984D8061F9E740C0,32022,Epping Road,Lane Cove,BOTH,UNCLASSIFIED,2023,WEEKDAYS,23042,-33.812298,151.170197
0101000020E6100000139CFA4072E56240984D8061F9E740C0,32022,Epping Road,Lane Cove,EAST,UNCLASSIFIED,2023,WEEKDAYS,643,-33.812298,151.170197
0101000020E6100000139CFA4072E56240984D8061F9E740C0,32022,Epping Road,Lane Cove,WEST,UNCLASSIFIED,2023,WEEKDAYS,22399,-33.812298,151.170197
0101000020E6100000139CFA4072E56240984D8061F9E740C0,32022,Epping Road,Lane Cove,BOTH,UNCLASSIFIED,2023,WEEKENDS,20661,-33.812298,151.170197
0101000020E6100000139CFA4072E56240984D8061F9E740C0,32022,Epping Road,Lane Cove,EAST,UNCLASSIFIED,2023,WEEKENDS,339,-33.812298,151.170197
0101000020E6100000139CFA4072E56240984D8061F9E740C0,32022,Epping Road,Lane Cove,WEST,UNCLASSIFIED,2023,WEEKENDS,20322,-33.812298,151.170197
0101000020E61000005C7347FFCBE462407AA52C431CE940C0,32029,Burns Bay Road,Lane Cove West,BOTH,HEAVY VEHICLES,2023,AM PEAK,839,-33.821175,151.149902
0101000020E61000005C7347FFCBE462407AA52C431CE940C0,32029,Burns Bay Road,Lane Cove West,NORTH,HEAVY VEHICLES,2023,WEEKENDS,613,-33.821175,151.149902
0101000020E610000040BFEFDFBCE5624008E8BE9CD9E440C0,33013,Pacific Highway,Roseville,SOUTH,UNCLASSIFIED,2023,ALL DAYS,24898,-33.787891,151.179306
0101000020E610000040BFEFDFBCE5624008E8BE9CD9E440C0,33013,Pacific Highway,Roseville,SOUTH,UNCLASSIFIED,2023,AM PEAK,7271,-33.787891,151.179306
0101000020E610000040BFEFDFBCE5624008E8BE9CD9E440C0,33013,Pacific Highway,Roseville,SOUTH,UNCLASSIFIED,2023,OFF PEAK,12333,-33.787891,151.179306
0101000020E610000040BFEFDFBCE5624008E8BE9CD9E440C0,33013,Pacific Highway,Roseville,SOUTH,UNCLASSIFIED,2023,PM PEAK,6427,-33.787891,151.179306
0101000020E610000040BFEFDFBCE5624008E8BE9CD9E440C0,33013,Pacific Highway,Roseville,SOUTH,UNCLASSIFIED,2023,WEEKDAYS,26031,-33.787891,151.179306
0101000020E610000040BFEFDFBCE5624008E8BE9CD9E440C0,33013,Pacific Highway,Roseville,SOUTH,UNCLASSIFIED,2023,WEEKENDS,23015,-33.787891,151.179306
0101000020E61000007C7E1821BCE66240BEF8A23D5EE640C0,33023,Eastern Valley Way,Castlecrag,NORTH,ALL VEHICLES,2023,ALL DAYS,12773,-33.799751,151.210465
0101000020E61000007C7E1821BCE66240BEF8A23D5EE640C0,33023,Eastern Valley Way,Castlecrag,NORTH,LIGHT VEHICLES,2023,ALL DAYS,11820,-33.799751,151.210465
0101000020E61000007C7E1821BCE66240BEF8A23D5EE640C0,33023,Eastern Valley Way,Castlecrag,NORTH,HEAVY VEHICLES,2023,ALL DAYS,953,-33.799751,151.210465
0101000020E61000007C7E1821BCE66240BEF8A23D5EE640C0,33023,Eastern Valley Way,Castlecrag,SOUTH,ALL VEHICLES,2023,ALL DAYS,11765,-33.799751,151.210465
0101000020E61000007C7E1821BCE66240BEF8A23D5EE640C0,33023,Eastern Valley Way,Castlecrag,SOUTH,LIGHT VEHICLES,2023,ALL DAYS,10999,-33.799751,151.210465
0101000020E61000007C7E1821BCE66240BEF8A23D5EE640C0,33023,Eastern Valley Way,Castlecrag,SOUTH,HEAVY VEHICLES,2023,ALL DAYS,766,-33.799751,151.210465
0101000020E61000007C7E1821BCE66240BEF8A23D5EE640C0,33023,Eastern Valley Way,Castlecrag,BOTH,ALL VEHICLES,2023,ALL DAYS,24538,-33.799751,151.210465
0101000020E61000007C7E1821BCE66240BEF8A23D5EE640C0,33023,Eastern Valley Way,Castlecrag,BOTH,LIGHT VEHICLES,2023,ALL DAYS,22819,-33.799751,151.210465
0101000020E61000007C7E1821BCE66240BEF8A23D5EE640C0,33023,Eastern Valley Way,Castlecrag,BOTH,HEAVY VEHICLES,2023,ALL DAYS,1719,-33.799751,151.210465
0101000020E61000007C7E1821BCE66240BEF8A23D5EE640C0,33023,Eastern Valley Way,Castlecrag,NORTH,ALL VEHICLES,2023,AM PEAK,2823,-33.799751,151.210465
0101000020E61000007C7E1821BCE66240BEF8A23D5EE640C0,33023,Eastern Valley Way,Castlecrag,NORTH,LIGHT VEHICLES,2023,AM PEAK,2512,-33.799751,151.210465
0101000020E61000007C7E1821BCE66240BEF8A23D5EE640C0,33023,Eastern Valley Way,Castlecrag,NORTH,HEAVY VEHICLES,2023,AM PEAK,311,-33.799751,151.210465
0101000020E61000007C7E1821BCE66240BEF8A23D5EE640C0,33023,Eastern Valley Way,Castlecrag,SOUTH,ALL VEHICLES,2023,AM PEAK,4085,-33.799751,151.210465
0101000020E61000007C7E1821BCE66240BEF8A23D5EE640C0,33023,Eastern Valley Way,Castlecrag,SOUTH,LIGHT VEHICLES,2023,AM PEAK,3774,-33.799751,151.210465
0101000020E61000007C7E1821BCE66240BEF8A23D5EE640C0,33023,Eastern Valley Way,Castlecrag,SOUTH,HEAVY VEHICLES,2023,AM PEAK,311,-33.799751,151.210465
0101000020E61000007C7E1821BCE66240BEF8A23D5EE640C0,33023,Eastern Valley Way,Castlecrag,BOTH,ALL VEHICLES,2023,AM PEAK,6908,-33.799751,151.210465
0101000020E61000007C7E1821BCE66240BEF8A23D5EE640C0,33023,Eastern Valley Way,Castlecrag,BOTH,LIGHT VEHICLES,2023,AM PEAK,6286,-33.799751,151.210465
0101000020E61000007C7E1821BCE66240BEF8A23D5EE640C0,33023,Eastern Valley Way,Castlecrag,BOTH,HEAVY VEHICLES,2023,AM PEAK,622,-33.799751,151.210465
0101000020E61000007C7E1821BCE66240BEF8A23D5EE640C0,33023,Eastern Valley Way,Castlecrag,NORTH,ALL VEHICLES,2023,OFF PEAK,6644,-33.799751,151.210465
0101000020E61000007C7E1821BCE66240BEF8A23D5EE640C0,33023,Eastern Valley Way,Castlecrag,NORTH,LIGHT VEHICLES,2023,OFF PEAK,6085,-33.799751,151.210465
0101000020E61000007C7E1821BCE66240BEF8A23D5EE640C0,33023,Eastern Valley Way,Castlecrag,NORTH,HEAVY VEHICLES,2023,OFF PEAK,559,-33.799751,151.210465
0101000020E61000007C7E1821BCE66240BEF8A23D5EE640C0,33023,Eastern Valley Way,Castlecrag,SOUTH,ALL VEHICLES,2023,OFF PEAK,5709,-33.799751,151.210465
0101000020E61000007C7E1821BCE66240BEF8A23D5EE640C0,33023,Eastern Valley Way,Castlecrag,SOUTH,LIGHT VEHICLES,2023,OFF PEAK,5261,-33.799751,151.210465
0101000020E61000007C7E1821BCE66240BEF8A23D5EE640C0,33023,Eastern Valley Way,Castlecrag,SOUTH,HEAVY VEHICLES,2023,OFF PEAK,448,-33.799751,151.210465
0101000020E61000007C7E1821BCE66240BEF8A23D5EE640C0,33023,Eastern Valley Way,Castlecrag,BOTH,ALL VEHICLES,2023,OFF PEAK,12353,-33.799751,151.210465
0101000020E61000007C7E1821BCE66240BEF8A23D5EE640C0,33023,Eastern Valley Way,Castlecrag,BOTH,LIGHT VEHICLES,2023,OFF PEAK,11346,-33.799751,151.210465
0101000020E61000007C7E1821BCE66240BEF8A23D5EE640C0,33023,Eastern Valley Way,Castlecrag,BOTH,HEAVY VEHICLES,2023,OFF PEAK,1007,-33.799751,151.210465
0101000020E61000007C7E1821BCE66240BEF8A23D5EE640C0,33023,Eastern Valley Way,Castlecrag,NORTH,ALL VEHICLES,2023,PM PEAK,3647,-33.799751,151.210465
0101000020E61000007C7E1821BCE66240BEF8A23D5EE640C0,33023,Eastern Valley Way,Castlecrag,NORTH,LIGHT VEHICLES,2023,PM PEAK,3406,-33.799751,151.210465
0101000020E61000007C7E1821BCE66240BEF8A23D5EE640C0,33023,Eastern Valley Way,Castlecrag,NORTH,HEAVY VEHICLES,2023,PM PEAK,241,-33.799751,151.210465
0101000020E61000007C7E1821BCE66240BEF8A23D5EE640C0,33023,Eastern Valley Way,Castlecrag,SOUTH,ALL VEHICLES,2023,PM PEAK,2699,-33.799751,151.210465
0101000020E61000007C7E1821BCE66240BEF8A23D5EE640C0,33023,Eastern Valley Way,Castlecrag,SOUTH,LIGHT VEHICLES,2023,PM PEAK,2536,-33.799751,151.210465
0101000020E61000007C7E1821BCE66240BEF8A23D5EE640C0,33023,Eastern Valley Way,Castlecrag,SOUTH,HEAVY VEHICLES,2023,PM PEAK,163,-33.799751,151.210465
0101000020E61000007C7E1821BCE66240BEF8A23D5EE640C0,33023,Eastern Valley Way,Castlecrag,BOTH,ALL VEHICLES,2023,PM PEAK,6346,-33.799751,151.210465
0101000020E61000007C7E1821BCE66240BEF8A23D5EE640C0,33023,Eastern Valley Way,Castlecrag,BOTH,LIGHT VEHICLES,2023,PM PEAK,5942,-33.799751,151.210465
0101000020E61000007C7E1821BCE66240BEF8A23D5EE640C0,33023,Eastern Valley Way,Castlecrag,BOTH,HEAVY VEHICLES,2023,PM PEAK,404,-33.799751,151.210465
0101000020E61000007C7E1821BCE66240BEF8A23D5EE640C0,33023,Eastern Valley Way,Castlecrag,NORTH,ALL VEHICLES,2023,WEEKDAYS,13114,-33.799751,151.210465
0101000020E61000007C7E1821BCE66240BEF8A23D5EE640C0,33023,Eastern Valley Way,Castlecrag,NORTH,LIGHT VEHICLES,2023,WEEKDAYS,12003,-33.799751,151.210465
0101000020E61000007C7E1821BCE66240BEF8A23D5EE640C0,33023,Eastern Valley Way,Castlecrag,NORTH,HEAVY VEHICLES,2023,WEEKDAYS,1111,-33.799751,151.210465
0101000020E61000007C7E1821BCE66240BEF8A23D5EE640C0,33023,Eastern Valley Way,Castlecrag,SOUTH,ALL VEHICLES,2023,WEEKDAYS,12493,-33.799751,151.210465
0101000020E61000007C7E1821BCE66240BEF8A23D5EE640C0,33023,Eastern Valley Way,Castlecrag,SOUTH,LIGHT VEHICLES,2023,WEEKDAYS,11571,-33.799751,151.210465
0101000020E61000007C7E1821BCE66240BEF8A23D5EE640C0,33023,Eastern Valley Way,Castlecrag,SOUTH,HEAVY VEHICLES,2023,WEEKDAYS,922,-33.799751,151.210465
0101000020E61000007C7E1821BCE66240BEF8A23D5EE640C0,33023,Eastern Valley Way,Castlecrag,BOTH,ALL VEHICLES,2023,WEEKDAYS,25607,-33.799751,151.210465
0101000020E61000007C7E1821BCE66240BEF8A23D5EE640C0,33023,Eastern Valley Way,Castlecrag,BOTH,LIGHT VEHICLES,2023,WEEKDAYS,23574,-33.799751,151.210465
0101000020E61000007C7E1821BCE66240BEF8A23D5EE640C0,33023,Eastern Valley Way,Castlecrag,BOTH,HEAVY VEHICLES,2023,WEEKDAYS,2033,-33.799751,151.210465
0101000020E61000007C7E1821BCE66240BEF8A23D5EE640C0,33023,Eastern Valley Way,Castlecrag,NORTH,ALL VEHICLES,2023,WEEKENDS,11042,-33.799751,151.210465
0101000020E61000007C7E1821BCE66240BEF8A23D5EE640C0,33023,Eastern Valley Way,Castlecrag,NORTH,LIGHT VEHICLES,2023,WEEKENDS,10553,-33.799751,151.210465
0101000020E61000007C7E1821BCE66240BEF8A23D5EE640C0,33023,Eastern Valley Way,Castlecrag,NORTH,HEAVY VEHICLES,2023,WEEKENDS,489,-33.799751,151.210465
0101000020E61000007C7E1821BCE66240BEF8A23D5EE640C0,33023,Eastern Valley Way,Castlecrag,SOUTH,ALL VEHICLES,2023,WEEKENDS,9938,-33.799751,151.210465
0101000020E61000007C7E1821BCE66240BEF8A23D5EE640C0,33023,Eastern Valley Way,Castlecrag,SOUTH,LIGHT VEHICLES,2023,WEEKENDS,9549,-33.799751,151.210465
0101000020E61000007C7E1821BCE66240BEF8A23D5EE640C0,33023,Eastern Valley Way,Castlecrag,SOUTH,HEAVY VEHICLES,2023,WEEKENDS,389,-33.799751,151.210465
0101000020E61000007C7E1821BCE66240BEF8A23D5EE640C0,33023,Eastern Valley Way,Castlecrag,BOTH,ALL VEHICLES,2023,WEEKENDS,20980,-33.799751,151.210465
0101000020E61000007C7E1821BCE66240BEF8A23D5EE640C0,33023,Eastern Valley Way,Castlecrag,BOTH,LIGHT VEHICLES,2023,WEEKENDS,20102,-33.799751,151.210465
0101000020E61000007C7E1821BCE66240BEF8A23D5EE640C0,33023,Eastern Valley Way,Castlecrag,BOTH,HEAVY VEHICLES,2023,WEEKENDS,878,-33.799751,151.210465
0101000020E610000079573D601EE86240641EF98381E540C0,34028,Burnt Bridge Creek Deviation,Balgowlah,NORTH,UNCLASSIFIED,2023,ALL DAYS,17391,-33.793015,151.253708
0101000020E610000079573D601EE86240641EF98381E540C0,34028,Burnt Bridge Creek Deviation,Balgowlah,NORTH,UNCLASSIFIED,2023,AM PEAK,4046,-33.793015,151.253708
0101000020E610000079573D601EE86240641EF98381E540C0,34028,Burnt Bridge Creek Deviation,Balgowlah,NORTH,UNCLASSIFIED,2023,OFF PEAK,8928,-33.793015,151.253708
0101000020E610000079573D601EE86240641EF98381E540C0,34028,Burnt Bridge Creek Deviation,Balgowlah,NORTH,UNCLASSIFIED,2023,PM PEAK,5423,-33.793015,151.253708
0101000020E610000079573D601EE86240641EF98381E540C0,34028,Burnt Bridge Creek Deviation,Balgowlah,NORTH,UNCLASSIFIED,2023,WEEKDAYS,18397,-33.793015,151.253708
0101000020E610000079573D601EE86240641EF98381E540C0,34028,Burnt Bridge Creek Deviation,Balgowlah,NORTH,UNCLASSIFIED,2023,WEEKENDS,15068,-33.793015,151.253708
0101000020E61000002502D53F08E46240F4DE1802800141C0,36002,Taren Point Road,Taren Point,NORTH,UNCLASSIFIED,2023,ALL DAYS,13937,-34.011719,151.126007
0101000020E61000002502D53F08E46240F4DE1802800141C0,36002,Taren Point Road,Taren Point,SOUTH,UNCLASSIFIED,2023,ALL DAYS,20877,-34.011719,151.126007
0101000020E61000002502D53F08E46240F4DE1802800141C0,36002,Taren Point Road,Taren Point,BOTH,UNCLASSIFIED,2023,ALL DAYS,34814,-34.011719,151.126007
0101000020E61000002502D53F08E46240F4DE1802800141C0,36002,Taren Point Road,Taren Point,NORTH,UNCLASSIFIED,2023,AM PEAK,4530,-34.011719,151.126007
0101000020E61000002502D53F08E46240F4DE1802800141C0,36002,Taren Point Road,Taren Point,SOUTH,UNCLASSIFIED,2023,AM PEAK,4433,-34.011719,151.126007
0101000020E61000002502D53F08E46240F4DE1802800141C0,36002,Taren Point Road,Taren Point,BOTH,UNCLASSIFIED,2023,AM PEAK,8963,-34.011719,151.126007
0101000020E61000002502D53F08E46240F4DE1802800141C0,36002,Taren Point Road,Taren Point,NORTH,UNCLASSIFIED,2023,OFF PEAK,6553,-34.011719,151.126007
0101000020E61000002502D53F08E46240F4DE1802800141C0,36002,Taren Point Road,Taren Point,SOUTH,UNCLASSIFIED,2023,OFF PEAK,11547,-34.011719,151.126007
0101000020E61000002502D53F08E46240F4DE1802800141C0,36002,Taren Point Road,Taren Point,BOTH,UNCLASSIFIED,2023,OFF PEAK,18100,-34.011719,151.126007
0101000020E61000002502D53F08E46240F4DE1802800141C0,36002,Taren Point Road,Taren Point,NORTH,UNCLASSIFIED,2023,PM PEAK,3950,-34.011719,151.126007
0101000020E61000002502D53F08E46240F4DE1802800141C0,36002,Taren Point Road,Taren Point,SOUTH,UNCLASSIFIED,2023,PM PEAK,5881,-34.011719,151.126007
0101000020E61000002502D53F08E46240F4DE1802800141C0,36002,Taren Point Road,Taren Point,BOTH,UNCLASSIFIED,2023,PM PEAK,9831,-34.011719,151.126007
0101000020E61000002502D53F08E46240F4DE1802800141C0,36002,Taren Point Road,Taren Point,NORTH,UNCLASSIFIED,2023,WEEKDAYS,15033,-34.011719,151.126007
0101000020E61000002502D53F08E46240F4DE1802800141C0,36002,Taren Point Road,Taren Point,SOUTH,UNCLASSIFIED,2023,WEEKDAYS,21861,-34.011719,151.126007
0101000020E61000002502D53F08E46240F4DE1802800141C0,36002,Taren Point Road,Taren Point,BOTH,UNCLASSIFIED,2023,WEEKDAYS,36894,-34.011719,151.126007
0101000020E61000002502D53F08E46240F4DE1802800141C0,36002,Taren Point Road,Taren Point,NORTH,UNCLASSIFIED,2023,WEEKENDS,11312,-34.011719,151.126007
0101000020E61000002502D53F08E46240F4DE1802800141C0,36002,Taren Point Road,Taren Point,SOUTH,UNCLASSIFIED,2023,WEEKENDS,18631,-34.011719,151.126007
0101000020E61000002502D53F08E46240F4DE1802800141C0,36002,Taren Point Road,Taren Point,BOTH,UNCLASSIFIED,2023,WEEKENDS,29943,-34.011719,151.126007
0101000020E61000005C8E5720FAE0624026C632FD12FD40C0,42001,Alfords Point Road,Padstow Heights,SOUTH,ALL VEHICLES,2023,ALL DAYS,17538,-33.977142,151.030533
0101000020E61000005C8E5720FAE0624026C632FD12FD40C0,42001,Alfords Point Road,Padstow Heights,BOTH,HEAVY VEHICLES,2023,PM PEAK,71,-33.977142,151.030533
0101000020E61000005C8E5720FAE0624026C632FD12FD40C0,42001,Alfords Point Road,Padstow Heights,BOTH,LIGHT VEHICLES,2023,WEEKENDS,19379,-33.977142,151.030533
0101000020E6100000C767B27F1EE2624089F02F82C6E640C0,50232,Marsden Road,Ermington,NORTH,UNCLASSIFIED,2023,ALL DAYS,1829,-33.802933,151.066223
0101000020E6100000C767B27F1EE2624089F02F82C6E640C0,50232,Marsden Road,Ermington,SOUTH,UNCLASSIFIED,2023,ALL DAYS,6286,-33.802933,151.066223
0101000020E6100000C767B27F1EE2624089F02F82C6E640C0,50232,Marsden Road,Ermington,BOTH,UNCLASSIFIED,2023,ALL DAYS,8115,-33.802933,151.066223
0101000020E6100000C767B27F1EE2624089F02F82C6E640C0,50232,Marsden Road,Ermington,NORTH,UNCLASSIFIED,2023,AM PEAK,358,-33.802933,151.066223
0101000020E6100000C767B27F1EE2624089F02F82C6E640C0,50232,Marsden Road,Ermington,SOUTH,UNCLASSIFIED,2023,AM PEAK,1907,-33.802933,151.066223
0101000020E6100000C767B27F1EE2624089F02F82C6E640C0,50232,Marsden Road,Ermington,BOTH,UNCLASSIFIED,2023,AM PEAK,2265,-33.802933,151.066223
0101000020E6100000C767B27F1EE2624089F02F82C6E640C0,50232,Marsden Road,Ermington,NORTH,UNCLASSIFIED,2023,OFF PEAK,1228,-33.802933,151.066223
0101000020E6100000C767B27F1EE2624089F02F82C6E640C0,50232,Marsden Road,Ermington,SOUTH,UNCLASSIFIED,2023,OFF PEAK,2997,-33.802933,151.066223
0101000020E6100000C767B27F1EE2624089F02F82C6E640C0,50232,Marsden Road,Ermington,BOTH,UNCLASSIFIED,2023,OFF PEAK,4225,-33.802933,151.066223
0101000020E6100000C767B27F1EE2624089F02F82C6E640C0,50232,Marsden Road,Ermington,NORTH,UNCLASSIFIED,2023,PM PEAK,524,-33.802933,151.066223
0101000020E6100000C767B27F1EE2624089F02F82C6E640C0,50232,Marsden Road,Ermington,SOUTH,UNCLASSIFIED,2023,PM PEAK,1483,-33.802933,151.066223
0101000020E6100000C767B27F1EE2624089F02F82C6E640C0,50232,Marsden Road,Ermington,BOTH,UNCLASSIFIED,2023,PM PEAK,2007,-33.802933,151.066223
0101000020E6100000C767B27F1EE2624089F02F82C6E640C0,50232,Marsden Road,Ermington,NORTH,UNCLASSIFIED,2023,WEEKDAYS,2110,-33.802933,151.066223
0101000020E6100000C767B27F1EE2624089F02F82C6E640C0,50232,Marsden Road,Ermington,SOUTH,UNCLASSIFIED,2023,WEEKDAYS,6387,-33.802933,151.066223
0101000020E6100000C767B27F1EE2624089F02F82C6E640C0,50232,Marsden Road,Ermington,BOTH,UNCLASSIFIED,2023,WEEKDAYS,8497,-33.802933,151.066223
0101000020E6100000C767B27F1EE2624089F02F82C6E640C0,50232,Marsden Road,Ermington,NORTH,UNCLASSIFIED,2023,WEEKENDS,1976,-33.802933,151.066223
0101000020E6100000C767B27F1EE2624089F02F82C6E640C0,50232,Marsden Road,Ermington,SOUTH,UNCLASSIFIED,2023,WEEKENDS,5996,-33.802933,151.066223
0101000020E6100000C767B27F1EE2624089F02F82C6E640C0,50232,Marsden Road,Ermington,BOTH,UNCLASSIFIED,2023,WEEKENDS,7972,-33.802933,151.066223
0101000020E6100000C98E8D403CE36240CEC7B5A162E840C0,51235,Victoria Road,Ryde,WEST,ALL VEHICLES,2023,AM PEAK,4802,-33.815510,151.101105
0101000020E6100000C98E8D403CE36240CEC7B5A162E840C0,51235,Victoria Road,Ryde,WEST,LIGHT VEHICLES,2023,AM PEAK,4270,-33.815510,151.101105
0101000020E6100000C98E8D403CE36240CEC7B5A162E840C0,51235,Victoria Road,Ryde,WEST,HEAVY VEHICLES,2023,AM PEAK,532,-33.815510,151.101105
0101000020E6100000C98E8D403CE36240CEC7B5A162E840C0,51235,Victoria Road,Ryde,WEST,ALL VEHICLES,2023,OFF PEAK,8863,-33.815510,151.101105
0101000020E6100000C98E8D403CE36240CEC7B5A162E840C0,51235,Victoria Road,Ryde,WEST,LIGHT VEHICLES,2023,OFF PEAK,7823,-33.815510,151.101105
0101000020E6100000C98E8D403CE36240CEC7B5A162E840C0,51235,Victoria Road,Ryde,WEST,HEAVY VEHICLES,2023,OFF PEAK,1040,-33.815510,151.101105
0101000020E6100000C98E8D403CE36240CEC7B5A162E840C0,51235,Victoria Road,Ryde,WEST,ALL VEHICLES,2023,PM PEAK,2343,-33.815510,151.101105
0101000020E6100000C98E8D403CE36240CEC7B5A162E840C0,51235,Victoria Road,Ryde,WEST,LIGHT VEHICLES,2023,PM PEAK,2126,-33.815510,151.101105
0101000020E6100000C98E8D403CE36240CEC7B5A162E840C0,51235,Victoria Road,Ryde,WEST,HEAVY VEHICLES,2023,PM PEAK,217,-33.815510,151.101105
0101000020E6100000C98E8D403CE36240CEC7B5A162E840C0,51235,Victoria Road,Ryde,WEST,ALL VEHICLES,2023,WEEKDAYS,16008,-33.815510,151.101105
0101000020E6100000C98E8D403CE36240CEC7B5A162E840C0,51235,Victoria Road,Ryde,WEST,LIGHT VEHICLES,2023,WEEKDAYS,14219,-33.815510,151.101105
0101000020E6100000C98E8D403CE36240CEC7B5A162E840C0,51235,Victoria Road,Ryde,WEST,HEAVY VEHICLES,2023,WEEKDAYS,1789,-33.815510,151.101105
0101000020E6100000F19F6EA040E86240E7A8A3E36AE040C0,55050,Warringah Road,Beacon Hill,BOTH,UNCLASSIFIED,2023,ALL DAYS,56593,-33.753262,151.257889
0101000020E6100000F19F6EA040E86240E7A8A3E36AE040C0,55050,Warringah Road,Beacon Hill,BOTH,LIGHT VEHICLES,2023,ALL DAYS,40864,-33.753262,151.257889
0101000020E6100000F19F6EA040E86240E7A8A3E36AE040C0,55050,Warringah Road,Beacon Hill,BOTH,HEAVY VEHICLES,2023,ALL DAYS,4269,-33.753262,151.257889
0101000020E6100000F19F6EA040E86240E7A8A3E36AE040C0,55050,Warringah Road,Beacon Hill,EAST,UNCLASSIFIED,2023,ALL DAYS,27938,-33.753262,151.257889
0101000020E6100000F19F6EA040E86240E7A8A3E36AE040C0,55050,Warringah Road,Beacon Hill,EAST,LIGHT VEHICLES,2023,ALL DAYS,25242,-33.753262,151.257889
0101000020E6100000F19F6EA040E86240E7A8A3E36AE040C0,55050,Warringah Road,Beacon Hill,EAST,HEAVY VEHICLES,2023,ALL DAYS,2343,-33.753262,151.257889
0101000020E6100000F19F6EA040E86240E7A8A3E36AE040C0,55050,Warringah Road,Beacon Hill,WEST,UNCLASSIFIED,2023,ALL DAYS,28655,-33.753262,151.257889
0101000020E6100000F19F6EA040E86240E7A8A3E36AE040C0,55050,Warringah Road,Beacon Hill,WEST,LIGHT VEHICLES,2023,ALL DAYS,15622,-33.753262,151.257889
0101000020E6100000F19F6EA040E86240E7A8A3E36AE040C0,55050,Warringah Road,Beacon Hill,WEST,HEAVY VEHICLES,2023,ALL DAYS,1926,-33.753262,151.257889
0101000020E6100000F19F6EA040E86240E7A8A3E36AE040C0,55050,Warringah Road,Beacon Hill,BOTH,UNCLASSIFIED,2023,AM PEAK,15840,-33.753262,151.257889
0101000020E6100000F19F6EA040E86240E7A8A3E36AE040C0,55050,Warringah Road,Beacon Hill,BOTH,LIGHT VEHICLES,2023,AM PEAK,11220,-33.753262,151.257889
0101000020E6100000F19F6EA040E86240E7A8A3E36AE040C0,55050,Warringah Road,Beacon Hill,BOTH,HEAVY VEHICLES,2023,AM PEAK,1533,-33.753262,151.257889
0101000020E6100000F19F6EA040E86240E7A8A3E36AE040C0,55050,Warringah Road,Beacon Hill,EAST,UNCLASSIFIED,2023,AM PEAK,7834,-33.753262,151.257889
0101000020E6100000F19F6EA040E86240E7A8A3E36AE040C0,55050,Warringah Road,Beacon Hill,EAST,LIGHT VEHICLES,2023,AM PEAK,6951,-33.753262,151.257889
0101000020E6100000F19F6EA040E86240E7A8A3E36AE040C0,55050,Warringah Road,Beacon Hill,EAST,HEAVY VEHICLES,2023,AM PEAK,810,-33.753262,151.257889
0101000020E6100000F19F6EA040E86240E7A8A3E36AE040C0,55050,Warringah Road,Beacon Hill,WEST,UNCLASSIFIED,2023,AM PEAK,8006,-33.753262,151.257889
0101000020E6100000F19F6EA040E86240E7A8A3E36AE040C0,55050,Warringah Road,Beacon Hill,WEST,LIGHT VEHICLES,2023,AM PEAK,4269,-33.753262,151.257889
0101000020E6100000F19F6EA040E86240E7A8A3E36AE040C0,55050,Warringah Road,Beacon Hill,WEST,HEAVY VEHICLES,2023,AM PEAK,723,-33.753262,151.257889
0101000020E6100000F19F6EA040E86240E7A8A3E36AE040C0,55050,Warringah Road,Beacon Hill,BOTH,UNCLASSIFIED,2023,OFF PEAK,28690,-33.753262,151.257889
0101000020E6100000F19F6EA040E86240E7A8A3E36AE040C0,55050,Warringah Road,Beacon Hill,BOTH,LIGHT VEHICLES,2023,OFF PEAK,20240,-33.753262,151.257889
0101000020E6100000F19F6EA040E86240E7A8A3E36AE040C0,55050,Warringah Road,Beacon Hill,BOTH,HEAVY VEHICLES,2023,OFF PEAK,2758,-33.753262,151.257889
0101000020E6100000F19F6EA040E86240E7A8A3E36AE040C0,55050,Warringah Road,Beacon Hill,EAST,UNCLASSIFIED,2023,OFF PEAK,13909,-33.753262,151.257889
0101000020E6100000F19F6EA040E86240E7A8A3E36AE040C0,55050,Warringah Road,Beacon Hill,EAST,LIGHT VEHICLES,2023,OFF PEAK,12262,-33.753262,151.257889
0101000020E6100000F19F6EA040E86240E7A8A3E36AE040C0,55050,Warringah Road,Beacon Hill,EAST,HEAVY VEHICLES,2023,OFF PEAK,1471,-33.753262,151.257889
0101000020E6100000F19F6EA040E86240E7A8A3E36AE040C0,55050,Warringah Road,Beacon Hill,WEST,UNCLASSIFIED,2023,OFF PEAK,14781,-33.753262,151.257889
0101000020E6100000F19F6EA040E86240E7A8A3E36AE040C0,55050,Warringah Road,Beacon Hill,WEST,LIGHT VEHICLES,2023,OFF PEAK,7978,-33.753262,151.257889
0101000020E6100000F19F6EA040E86240E7A8A3E36AE040C0,55050,Warringah Road,Beacon Hill,WEST,HEAVY VEHICLES,2023,OFF PEAK,1287,-33.753262,151.257889
0101000020E6100000F19F6EA040E86240E7A8A3E36AE040C0,55050,Warringah Road,Beacon Hill,BOTH,UNCLASSIFIED,2023,PM PEAK,14666,-33.753262,151.257889
0101000020E6100000F19F6EA040E86240E7A8A3E36AE040C0,55050,Warringah Road,Beacon Hill,BOTH,LIGHT VEHICLES,2023,PM PEAK,10772,-33.753262,151.257889
0101000020E6100000F19F6EA040E86240E7A8A3E36AE040C0,55050,Warringah Road,Beacon Hill,BOTH,HEAVY VEHICLES,2023,PM PEAK,828,-33.753262,151.257889
0101000020E6100000F19F6EA040E86240E7A8A3E36AE040C0,55050,Warringah Road,Beacon Hill,EAST,UNCLASSIFIED,2023,PM PEAK,7407,-33.753262,151.257889
0101000020E6100000F19F6EA040E86240E7A8A3E36AE040C0,55050,Warringah Road,Beacon Hill,EAST,LIGHT VEHICLES,2023,PM PEAK,6768,-33.753262,151.257889
0101000020E6100000F19F6EA040E86240E7A8A3E36AE040C0,55050,Warringah Road,Beacon Hill,EAST,HEAVY VEHICLES,2023,PM PEAK,476,-33.753262,151.257889
0101000020E6100000F19F6EA040E86240E7A8A3E36AE040C0,55050,Warringah Road,Beacon Hill,WEST,UNCLASSIFIED,2023,PM PEAK,7259,-33.753262,151.257889
0101000020E6100000F19F6EA040E86240E7A8A3E36AE040C0,55050,Warringah Road,Beacon Hill,WEST,LIGHT VEHICLES,2023,PM PEAK,4004,-33.753262,151.257889
0101000020E6100000F19F6EA040E86240E7A8A3E36AE040C0,55050,Warringah Road,Beacon Hill,WEST,HEAVY VEHICLES,2023,PM PEAK,352,-33.753262,151.257889
0101000020E6100000F19F6EA040E86240E7A8A3E36AE040C0,55050,Warringah Road,Beacon Hill,BOTH,UNCLASSIFIED,2023,WEEKDAYS,59196,-33.753262,151.257889
0101000020E6100000F19F6EA040E86240E7A8A3E36AE040C0,55050,Warringah Road,Beacon Hill,BOTH,LIGHT VEHICLES,2023,WEEKDAYS,42232,-33.753262,151.257889
0101000020E6100000F19F6EA040E86240E7A8A3E36AE040C0,55050,Warringah Road,Beacon Hill,BOTH,HEAVY VEHICLES,2023,WEEKDAYS,5119,-33.753262,151.257889
0101000020E6100000F19F6EA040E86240E7A8A3E36AE040C0,55050,Warringah Road,Beacon Hill,EAST,UNCLASSIFIED,2023,WEEKDAYS,29150,-33.753262,151.257889
0101000020E6100000F19F6EA040E86240E7A8A3E36AE040C0,55050,Warringah Road,Beacon Hill,EAST,LIGHT VEHICLES,2023,WEEKDAYS,25981,-33.753262,151.257889
0101000020E6100000F19F6EA040E86240E7A8A3E36AE040C0,55050,Warringah Road,Beacon Hill,EAST,HEAVY VEHICLES,2023,WEEKDAYS,2757,-33.753262,151.257889
0101000020E6100000F19F6EA040E86240E7A8A3E36AE040C0,55050,Warringah Road,Beacon Hill,WEST,UNCLASSIFIED,2023,WEEKDAYS,30046,-33.753262,151.257889
0101000020E6100000F19F6EA040E86240E7A8A3E36AE040C0,55050,Warringah Road,Beacon Hill,WEST,LIGHT VEHICLES,2023,WEEKDAYS,16251,-33.753262,151.257889
0101000020E6100000F19F6EA040E86240E7A8A3E36AE040C0,55050,Warringah Road,Beacon Hill,WEST,HEAVY VEHICLES,2023,WEEKDAYS,2362,-33.753262,151.257889
0101000020E6100000F19F6EA040E86240E7A8A3E36AE040C0,55050,Warringah Road,Beacon Hill,BOTH,UNCLASSIFIED,2023,WEEKENDS,49495,-33.753262,151.257889
0101000020E6100000F19F6EA040E86240E7A8A3E36AE040C0,55050,Warringah Road,Beacon Hill,BOTH,LIGHT VEHICLES,2023,WEEKENDS,36906,-33.753262,151.257889
0101000020E6100000F19F6EA040E86240E7A8A3E36AE040C0,55050,Warringah Road,Beacon Hill,BOTH,HEAVY VEHICLES,2023,WEEKENDS,2323,-33.753262,151.257889
0101000020E6100000F19F6EA040E86240E7A8A3E36AE040C0,55050,Warringah Road,Beacon Hill,EAST,UNCLASSIFIED,2023,WEEKENDS,24546,-33.753262,151.257889
0101000020E6100000F19F6EA040E86240E7A8A3E36AE040C0,55050,Warringah Road,Beacon Hill,EAST,LIGHT VEHICLES,2023,WEEKENDS,23114,-33.753262,151.257889
0101000020E6100000F19F6EA040E86240E7A8A3E36AE040C0,55050,Warringah Road,Beacon Hill,EAST,HEAVY VEHICLES,2023,WEEKENDS,1258,-33.753262,151.257889
0101000020E6100000F19F6EA040E86240E7A8A3E36AE040C0,55050,Warringah Road,Beacon Hill,WEST,UNCLASSIFIED,2023,WEEKENDS,24949,-33.753262,151.257889
0101000020E6100000F19F6EA040E86240E7A8A3E36AE040C0,55050,Warringah Road,Beacon Hill,WEST,LIGHT VEHICLES,2023,WEEKENDS,13792,-33.753262,151.257889
0101000020E6100000F19F6EA040E86240E7A8A3E36AE040C0,55050,Warringah Road,Beacon Hill,WEST,HEAVY VEHICLES,2023,WEEKENDS,1065,-33.753262,151.257889
0101000020E6100000B401D88008E76240EFA83121E6DC40C0,57025,Forest Way,Belrose,SOUTH,HEAVY VEHICLES,2023,WEEKDAYS,2148,-33.725773,151.219788
0101000020E61000007442E8A04BB5624097E4805D4DB640C0,6107,Sydney Road,Raglan,EAST,ALL VEHICLES,2023,AM PEAK,1067,-33.424236,149.665482
0101000020E6100000859675FFD80E6340B6494563EDF73FC0,6120-PR,Pacific Highway,Kiwarrak,SOUTH,ALL VEHICLES,2023,AM PEAK,2785,-31.968466,152.463989
0101000020E6100000C976BE9F9A1A63408F386403E91A3FC0,6124,Macleay Valley Way,South Kempsey,BOTH,HEAVY VEHICLES,2023,OFF PEAK,664,-31.105118,152.831375
0101000020E610000060AC6F6072E56240DA39CD02EDC63DC0,6133,Gwydir Highway,Inverell,BOTH,HEAVY VEHICLES,2023,AM PEAK,87,-29.777054,151.170212
0101000020E610000060AC6F6072E56240DA39CD02EDC63DC0,6133,Gwydir Highway,Inverell,EAST,ALL VEHICLES,2023,AM PEAK,183,-29.777054,151.170212
0101000020E610000060AC6F6072E56240DA39CD02EDC63DC0,6133,Gwydir Highway,Inverell,BOTH,ALL VEHICLES,2023,PM PEAK,365,-29.777054,151.170212
0101000020E610000060AC6F6072E56240DA39CD02EDC63DC0,6133,Gwydir Highway,Inverell,BOTH,LIGHT VEHICLES,2023,PM PEAK,286,-29.777054,151.170212
0101000020E610000060AC6F6072E56240DA39CD02EDC63DC0,6133,Gwydir Highway,Inverell,BOTH,HEAVY VEHICLES,2023,PM PEAK,79,-29.777054,151.170212
0101000020E610000060AC6F6072E56240DA39CD02EDC63DC0,6133,Gwydir Highway,Inverell,EAST,ALL VEHICLES,2023,WEEKDAYS,701,-29.777054,151.170212
0101000020E610000060AC6F6072E56240DA39CD02EDC63DC0,6133,Gwydir Highway,Inverell,WEST,HEAVY VEHICLES,2023,WEEKDAYS,174,-29.777054,151.170212
0101000020E610000003098A1F63F662402BF86D88F1BA3DC0,6134,Gwydir Highway,Glen Innes,WEST,ALL VEHICLES,2023,ALL DAYS,712,-29.730248,151.699600
0101000020E610000003098A1F63F662402BF86D88F1BA3DC0,6134,Gwydir Highway,Glen Innes,EAST,ALL VEHICLES,2023,AM PEAK,189,-29.730248,151.699600
0101000020E610000003098A1F63F662402BF86D88F1BA3DC0,6134,Gwydir Highway,Glen Innes,WEST,ALL VEHICLES,2023,OFF PEAK,364,-29.730248,151.699600
0101000020E610000003098A1F63F662402BF86D88F1BA3DC0,6134,Gwydir Highway,Glen Innes,BOTH,HEAVY VEHICLES,2023,PM PEAK,77,-29.730248,151.699600
0101000020E610000003098A1F63F662402BF86D88F1BA3DC0,6134,Gwydir Highway,Glen Innes,EAST,ALL VEHICLES,2023,PM PEAK,207,-29.730248,151.699600
0101000020E610000003098A1F63F662402BF86D88F1BA3DC0,6134,Gwydir Highway,Glen Innes,EAST,HEAVY VEHICLES,2023,WEEKDAYS,170,-29.730248,151.699600
0101000020E610000003098A1F63F662402BF86D88F1BA3DC0,6134,Gwydir Highway,Glen Innes,WEST,HEAVY VEHICLES,2023,WEEKENDS,83,-29.730248,151.699600
0101000020E61000006BF129004668624068942EFD4BF640C0,6143,Newell Highway,Wyalong,BOTH,LIGHT VEHICLES,2023,ALL DAYS,1280,-33.924194,147.258545
0101000020E61000006BF129004668624068942EFD4BF640C0,6143,Newell Highway,Wyalong,BOTH,LIGHT VEHICLES,2023,AM PEAK,286,-33.924194,147.258545
0101000020E61000006BF129004668624068942EFD4BF640C0,6143,Newell Highway,Wyalong,NORTH,ALL VEHICLES,2023,PM PEAK,255,-33.924194,147.258545
0101000020E61000006BF129004668624068942EFD4BF640C0,6143,Newell Highway,Wyalong,SOUTH,ALL VEHICLES,2023,PM PEAK,284,-33.924194,147.258545
0101000020E61000006BF129004668624068942EFD4BF640C0,6143,Newell Highway,Wyalong,BOTH,ALL VEHICLES,2023,PM PEAK,539,-33.924194,147.258545
0101000020E610000080812040067F624025B1A4DC7DB440C0,6144,Newell Highway,Forbes,BOTH,HEAVY VEHICLES,2023,AM PEAK,205,-33.410091,147.969513
0101000020E610000080812040067F624025B1A4DC7DB440C0,6144,Newell Highway,Forbes,BOTH,LIGHT VEHICLES,2023,PM PEAK,414,-33.410091,147.969513
0101000020E6100000B2F2CB608C926240B0045262D7FE3FC0,6145,Newell Highway,Eumungerie,NORTH,ALL VEHICLES,2023,OFF PEAK,756,-31.995474,148.579636
0101000020E6100000B2F2CB608C926240B0045262D7FE3FC0,6145,Newell Highway,Eumungerie,SOUTH,ALL VEHICLES,2023,PM PEAK,333,-31.995474,148.579636
0101000020E6100000B2F2CB608C926240B0045262D7FE3FC0,6145,Newell Highway,Eumungerie,BOTH,HEAVY VEHICLES,2023,PM PEAK,206,-31.995474,148.579636
0101000020E6100000D5D0066083946240A12C7C7DADBF3FC0,6146,Newell Highway,Gilgandra,NORTH,LIGHT VEHICLES,2023,WEEKDAYS,1085,-31.748741,148.641037
0101000020E6100000B1E07EC0839462401D8F19A88CBF3FC0,6147,Newell Highway,Gilgandra,NORTH,ALL VEHICLES,2023,PM PEAK,472,-31.748240,148.641083
0101000020E6100000B1E07EC0839462401D8F19A88CBF3FC0,6147,Newell Highway,Gilgandra,NORTH,LIGHT VEHICLES,2023,WEEKDAYS,1078,-31.748240,148.641083
0101000020E61000007633A31F8D926240244223D8B8FE3FC0,6148,Newell Highway,Eumungerie,NORTH,ALL VEHICLES,2023,WEEKDAYS,1528,-31.995008,148.579727
0101000020E6100000A568E55E60866240E0BE0E9C335440C0,6149,Newell Highway,Tomingley,BOTH,LIGHT VEHICLES,2023,PM PEAK,454,-32.657825,148.199264
0101000020E61000005D88D51F618662408AABCABE2B5440C0,6152,Newell Highway,Tomingley,BOTH,LIGHT VEHICLES,2023,PM PEAK,452,-32.657585,148.199356
0101000020E6100000A986FD9ED8C962403F6EBF7CB2FA3EC0,6167,Oxley Highway,Gunnedah,BOTH,LIGHT VEHICLES,2023,OFF PEAK,1388,-30.979286,150.307693
0101000020E6100000A986FD9ED8C962403F6EBF7CB2FA3EC0,6167,Oxley Highway,Gunnedah,EAST,ALL VEHICLES,2023,OFF PEAK,932,-30.979286,150.307693
0101000020E6100000A986FD9ED8C962403F6EBF7CB2FA3EC0,6167,Oxley Highway,Gunnedah,WEST,ALL VEHICLES,2023,PM PEAK,567,-30.979286,150.307693
0101000020E610000043E6CAA0DAD66240E71BD13DEB2241C0,6179,Picton Road,Wilton,BOTH,HEAVY VEHICLES,2023,PM PEAK,1389,-34.272804,150.714188
0101000020E61000008CBD175FB4C76240C07630629FCA40C0,6188,Great Western Highway,Mount Victoria,BOTH,LIGHT VEHICLES,2023,AM PEAK,1865,-33.582989,150.240768
0101000020E61000008CBD175FB4C76240C07630629FCA40C0,6188,Great Western Highway,Mount Victoria,WEST,HEAVY VEHICLES,2023,WEEKDAYS,1535,-33.582989,150.240768
0101000020E6100000D0B8702024C762402F3201BF46CA40C0,6189,Great Western Highway,Little Hartley,WEST,LIGHT VEHICLES,2023,WEEKENDS,5156,-33.580284,150.223160
0101000020E6100000849F38807EC562407B698A00A7C540C0,6190,Great Western Highway,Hartley,EAST,HEAVY VEHICLES,2023,WEEKDAYS,1518,-33.544159,150.171692
0101000020E610000017BA1281EAC46240C89750C1E1C340C0,6191,Great Western Highway,Hartley,BOTH,LIGHT VEHICLES,2023,AM PEAK,1813,-33.530327,150.153626
0101000020E610000017BA1281EAC46240C89750C1E1C340C0,6191,Great Western Highway,Hartley,WEST,LIGHT VEHICLES,2023,WEEKENDS,4708,-33.530327,150.153626
0101000020E6100000EC8497E0D4DE62405FD0420246EF40C0,66249,Fairfield Street,Fairfield East,BOTH,HEAVY VEHICLES,2023,PM PEAK,436,-33.869324,150.963486
0101000020E6100000EC8497E0D4DE62405FD0420246EF40C0,66249,Fairfield Street,Fairfield East,WEST,HEAVY VEHICLES,2023,WEEKDAYS,791,-33.869324,150.963486
0101000020E61000002C29779F63E16240AEBCE47FF2EB40C0,7112,Silverwater Road,Auburn,NORTH,HEAVY VEHICLES,2023,WEEKENDS,917,-33.843338,151.043411
0101000020E610000029266F8099D8624070B20DDC81E240C0,7123-PR,Pages Road,St Marys,BOTH,HEAVY VEHICLES,2023,AM PEAK,577,-33.769588,150.768738
0101000020E6100000090000805DDF6240070000A0F9F640C0,7149,Newbridge Road,Milperra,BOTH,ALL VEHICLES,2023,ALL DAYS,44680,-33.9294929504395,150.980163574219
0101000020E6100000090000805DDF6240070000A0F9F640C0,7149,Newbridge Road,Milperra,BOTH,LIGHT VEHICLES,2023,ALL DAYS,39819,-33.9294929504395,150.980163574219
0101000020E6100000090000805DDF6240070000A0F9F640C0,7149,Newbridge Road,Milperra,BOTH,HEAVY VEHICLES,2023,ALL DAYS,4861,-33.9294929504395,150.980163574219
0101000020E6100000090000805DDF6240070000A0F9F640C0,7149,Newbridge Road,Milperra,EAST,ALL VEHICLES,2023,ALL DAYS,21837,-33.9294929504395,150.980163574219
0101000020E6100000090000805DDF6240070000A0F9F640C0,7149,Newbridge Road,Milperra,EAST,LIGHT VEHICLES,2023,ALL DAYS,19339,-33.9294929504395,150.980163574219
0101000020E6100000090000805DDF6240070000A0F9F640C0,7149,Newbridge Road,Milperra,EAST,HEAVY VEHICLES,2023,ALL DAYS,2498,-33.9294929504395,150.980163574219
0101000020E6100000090000805DDF6240070000A0F9F640C0,7149,Newbridge Road,Milperra,WEST,ALL VEHICLES,2023,ALL DAYS,22843,-33.9294929504395,150.980163574219
0101000020E6100000090000805DDF6240070000A0F9F640C0,7149,Newbridge Road,Milperra,WEST,LIGHT VEHICLES,2023,ALL DAYS,20480,-33.9294929504395,150.980163574219
0101000020E6100000090000805DDF6240070000A0F9F640C0,7149,Newbridge Road,Milperra,WEST,HEAVY VEHICLES,2023,ALL DAYS,2363,-33.9294929504395,150.980163574219
0101000020E6100000090000805DDF6240070000A0F9F640C0,7149,Newbridge Road,Milperra,BOTH,ALL VEHICLES,2023,AM PEAK,10932,-33.9294929504395,150.980163574219
0101000020E6100000090000805DDF6240070000A0F9F640C0,7149,Newbridge Road,Milperra,BOTH,LIGHT VEHICLES,2023,AM PEAK,9269,-33.9294929504395,150.980163574219
0101000020E6100000090000805DDF6240070000A0F9F640C0,7149,Newbridge Road,Milperra,BOTH,HEAVY VEHICLES,2023,AM PEAK,1663,-33.9294929504395,150.980163574219
0101000020E6100000090000805DDF6240070000A0F9F640C0,7149,Newbridge Road,Milperra,EAST,ALL VEHICLES,2023,AM PEAK,6486,-33.9294929504395,150.980163574219
0101000020E6100000090000805DDF6240070000A0F9F640C0,7149,Newbridge Road,Milperra,EAST,LIGHT VEHICLES,2023,AM PEAK,5518,-33.9294929504395,150.980163574219
0101000020E6100000090000805DDF6240070000A0F9F640C0,7149,Newbridge Road,Milperra,EAST,HEAVY VEHICLES,2023,AM PEAK,968,-33.9294929504395,150.980163574219
0101000020E6100000090000805DDF6240070000A0F9F640C0,7149,Newbridge Road,Milperra,WEST,ALL VEHICLES,2023,AM PEAK,4446,-33.9294929504395,150.980163574219
0101000020E6100000090000805DDF6240070000A0F9F640C0,7149,Newbridge Road,Milperra,WEST,LIGHT VEHICLES,2023,AM PEAK,3751,-33.9294929504395,150.980163574219
0101000020E6100000090000805DDF6240070000A0F9F640C0,7149,Newbridge Road,Milperra,WEST,HEAVY VEHICLES,2023,AM PEAK,695,-33.9294929504395,150.980163574219
0101000020E6100000090000805DDF6240070000A0F9F640C0,7149,Newbridge Road,Milperra,BOTH,ALL VEHICLES,2023,OFF PEAK,22945,-33.9294929504395,150.980163574219
0101000020E6100000090000805DDF6240070000A0F9F640C0,7149,Newbridge Road,Milperra,BOTH,LIGHT VEHICLES,2023,OFF PEAK,19929,-33.9294929504395,150.980163574219
0101000020E6100000090000805DDF6240070000A0F9F640C0,7149,Newbridge Road,Milperra,BOTH,HEAVY VEHICLES,2023,OFF PEAK,3016,-33.9294929504395,150.980163574219
0101000020E6100000090000805DDF6240070000A0F9F640C0,7149,Newbridge Road,Milperra,EAST,ALL VEHICLES,2023,OFF PEAK,11069,-33.9294929504395,150.980163574219
0101000020E6100000090000805DDF6240070000A0F9F640C0,7149,Newbridge Road,Milperra,EAST,LIGHT VEHICLES,2023,OFF PEAK,9513,-33.9294929504395,150.980163574219
0101000020E6100000090000805DDF6240070000A0F9F640C0,7149,Newbridge Road,Milperra,EAST,HEAVY VEHICLES,2023,OFF PEAK,1556,-33.9294929504395,150.980163574219
0101000020E6100000090000805DDF6240070000A0F9F640C0,7149,Newbridge Road,Milperra,WEST,ALL VEHICLES,2023,OFF PEAK,11876,-33.9294929504395,150.980163574219
0101000020E6100000090000805DDF6240070000A0F9F640C0,7149,Newbridge Road,Milperra,WEST,LIGHT VEHICLES,2023,OFF PEAK,10416,-33.9294929504395,150.980163574219
0101000020E6100000090000805DDF6240070000A0F9F640C0,7149,Newbridge Road,Milperra,WEST,HEAVY VEHICLES,2023,OFF PEAK,1460,-33.9294929504395,150.980163574219
0101000020E6100000090000805DDF6240070000A0F9F640C0,7149,Newbridge Road,Milperra,BOTH,ALL VEHICLES,2023,PM PEAK,12467,-33.9294929504395,150.980163574219
0101000020E6100000090000805DDF6240070000A0F9F640C0,7149,Newbridge Road,Milperra,BOTH,LIGHT VEHICLES,2023,PM PEAK,11377,-33.9294929504395,150.980163574219
0101000020E6100000090000805DDF6240070000A0F9F640C0,7149,Newbridge Road,Milperra,BOTH,HEAVY VEHICLES,2023,PM PEAK,1090,-33.9294929504395,150.980163574219
0101000020E6100000090000805DDF6240070000A0F9F640C0,7149,Newbridge Road,Milperra,EAST,ALL VEHICLES,2023,PM PEAK,5158,-33.9294929504395,150.980163574219
0101000020E6100000090000805DDF6240070000A0F9F640C0,7149,Newbridge Road,Milperra,EAST,LIGHT VEHICLES,2023,PM PEAK,4720,-33.9294929504395,150.980163574219
0101000020E6100000090000805DDF6240070000A0F9F640C0,7149,Newbridge Road,Milperra,EAST,HEAVY VEHICLES,2023,PM PEAK,438,-33.9294929504395,150.980163574219
0101000020E6100000090000805DDF6240070000A0F9F640C0,7149,Newbridge Road,Milperra,WEST,ALL VEHICLES,2023,PM PEAK,7309,-33.9294929504395,150.980163574219
0101000020E6100000090000805DDF6240070000A0F9F640C0,7149,Newbridge Road,Milperra,WEST,LIGHT VEHICLES,2023,PM PEAK,6657,-33.9294929504395,150.980163574219
0101000020E6100000090000805DDF6240070000A0F9F640C0,7149,Newbridge Road,Milperra,WEST,HEAVY VEHICLES,2023,PM PEAK,652,-33.9294929504395,150.980163574219
0101000020E6100000090000805DDF6240070000A0F9F640C0,7149,Newbridge Road,Milperra,BOTH,ALL VEHICLES,2023,WEEKDAYS,46344,-33.9294929504395,150.980163574219
0101000020E6100000090000805DDF6240070000A0F9F640C0,7149,Newbridge Road,Milperra,BOTH,LIGHT VEHICLES,2023,WEEKDAYS,40575,-33.9294929504395,150.980163574219
0101000020E6100000090000805DDF6240070000A0F9F640C0,7149,Newbridge Road,Milperra,BOTH,HEAVY VEHICLES,2023,WEEKDAYS,5769,-33.9294929504395,150.980163574219
0101000020E6100000090000805DDF6240070000A0F9F640C0,7149,Newbridge Road,Milperra,EAST,ALL VEHICLES,2023,WEEKDAYS,22713,-33.9294929504395,150.980163574219
0101000020E6100000090000805DDF6240070000A0F9F640C0,7149,Newbridge Road,Milperra,EAST,LIGHT VEHICLES,2023,WEEKDAYS,19751,-33.9294929504395,150.980163574219
0101000020E6100000090000805DDF6240070000A0F9F640C0,7149,Newbridge Road,Milperra,EAST,HEAVY VEHICLES,2023,WEEKDAYS,2962,-33.9294929504395,150.980163574219
0101000020E6100000090000805DDF6240070000A0F9F640C0,7149,Newbridge Road,Milperra,WEST,ALL VEHICLES,2023,WEEKDAYS,23631,-33.9294929504395,150.980163574219
0101000020E6100000090000805DDF6240070000A0F9F640C0,7149,Newbridge Road,Milperra,WEST,LIGHT VEHICLES,2023,WEEKDAYS,20824,-33.9294929504395,150.980163574219
0101000020E6100000090000805DDF6240070000A0F9F640C0,7149,Newbridge Road,Milperra,WEST,HEAVY VEHICLES,2023,WEEKDAYS,2807,-33.9294929504395,150.980163574219
0101000020E6100000090000805DDF6240070000A0F9F640C0,7149,Newbridge Road,Milperra,BOTH,ALL VEHICLES,2023,WEEKENDS,33320,-33.9294929504395,150.980163574219
0101000020E6100000090000805DDF6240070000A0F9F640C0,7149,Newbridge Road,Milperra,BOTH,LIGHT VEHICLES,2023,WEEKENDS,31500,-33.9294929504395,150.980163574219
0101000020E6100000090000805DDF6240070000A0F9F640C0,7149,Newbridge Road,Milperra,BOTH,HEAVY VEHICLES,2023,WEEKENDS,1820,-33.9294929504395,150.980163574219
0101000020E6100000090000805DDF6240070000A0F9F640C0,7149,Newbridge Road,Milperra,EAST,ALL VEHICLES,2023,WEEKENDS,15951,-33.9294929504395,150.980163574219
0101000020E6100000090000805DDF6240070000A0F9F640C0,7149,Newbridge Road,Milperra,EAST,LIGHT VEHICLES,2023,WEEKENDS,15031,-33.9294929504395,150.980163574219
0101000020E6100000090000805DDF6240070000A0F9F640C0,7149,Newbridge Road,Milperra,EAST,HEAVY VEHICLES,2023,WEEKENDS,920,-33.9294929504395,150.980163574219
0101000020E6100000090000805DDF6240070000A0F9F640C0,7149,Newbridge Road,Milperra,WEST,ALL VEHICLES,2023,WEEKENDS,17369,-33.9294929504395,150.980163574219
0101000020E6100000090000805DDF6240070000A0F9F640C0,7149,Newbridge Road,Milperra,WEST,LIGHT VEHICLES,2023,WEEKENDS,16469,-33.9294929504395,150.980163574219
0101000020E6100000090000805DDF6240070000A0F9F640C0,7149,Newbridge Road,Milperra,WEST,HEAVY VEHICLES,2023,WEEKENDS,900,-33.9294929504395,150.980163574219
0101000020E6100000DC0F786080DF62403562669FC7DE40C0,72027,Windsor Road,Baulkham Hills,NORTH,HEAVY VEHICLES,2023,WEEKENDS,658,-33.740467,150.984421
0101000020E61000008BC058DF40F8624051888043A87640C0,7212,Stewart Avenue,Hamilton East,NORTH,ALL VEHICLES,2023,OFF PEAK,4709,-32.927010,151.757919
0101000020E61000001399B9C065DC62408C2FDAE3853641C0,7216,Gladstone Avenue,Wollongong,NORTH,ALL VEHICLES,2023,OFF PEAK,2848,-34.425961,150.887421
0101000020E61000001399B9C065DC62408C2FDAE3853641C0,7216,Gladstone Avenue,Wollongong,NORTH,HEAVY VEHICLES,2023,WEEKENDS,222,-34.425961,150.887421
0101000020E61000007C7BD7A02FDB624002124DA0883941C0,7217,Princes Highway,Unanderra,SOUTH,ALL VEHICLES,2023,OFF PEAK,5517,-34.449482,150.849564
0101000020E61000007C7BD7A02FDB624002124DA0883941C0,7217,Princes Highway,Unanderra,SOUTH,HEAVY VEHICLES,2023,WEEKENDS,617,-34.449482,150.849564
0101000020E610000071033E3F8CE262406BB8C83D5DE140C0,74229,Beecroft Road,Cheltenham,NORTH,ALL VEHICLES,2023,ALL DAYS,14530,-33.760658,151.079620
0101000020E610000071033E3F8CE262406BB8C83D5DE140C0,74229,Beecroft Road,Cheltenham,NORTH,LIGHT VEHICLES,2023,ALL DAYS,13788,-33.760658,151.079620
0101000020E610000071033E3F8CE262406BB8C83D5DE140C0,74229,Beecroft Road,Cheltenham,NORTH,HEAVY VEHICLES,2023,ALL DAYS,742,-33.760658,151.079620
0101000020E610000071033E3F8CE262406BB8C83D5DE140C0,74229,Beecroft Road,Cheltenham,SOUTH,ALL VEHICLES,2023,ALL DAYS,14369,-33.760658,151.079620
0101000020E610000071033E3F8CE262406BB8C83D5DE140C0,74229,Beecroft Road,Cheltenham,SOUTH,LIGHT VEHICLES,2023,ALL DAYS,13555,-33.760658,151.079620
0101000020E610000071033E3F8CE262406BB8C83D5DE140C0,74229,Beecroft Road,Cheltenham,SOUTH,HEAVY VEHICLES,2023,ALL DAYS,814,-33.760658,151.079620
0101000020E610000071033E3F8CE262406BB8C83D5DE140C0,74229,Beecroft Road,Cheltenham,BOTH,ALL VEHICLES,2023,ALL DAYS,28899,-33.760658,151.079620
0101000020E610000071033E3F8CE262406BB8C83D5DE140C0,74229,Beecroft Road,Cheltenham,BOTH,LIGHT VEHICLES,2023,ALL DAYS,27343,-33.760658,151.079620
0101000020E610000071033E3F8CE262406BB8C83D5DE140C0,74229,Beecroft Road,Cheltenham,BOTH,HEAVY VEHICLES,2023,ALL DAYS,1556,-33.760658,151.079620
0101000020E610000071033E3F8CE262406BB8C83D5DE140C0,74229,Beecroft Road,Cheltenham,NORTH,ALL VEHICLES,2023,AM PEAK,2913,-33.760658,151.079620
0101000020E610000071033E3F8CE262406BB8C83D5DE140C0,74229,Beecroft Road,Cheltenham,NORTH,LIGHT VEHICLES,2023,AM PEAK,2673,-33.760658,151.079620
0101000020E610000071033E3F8CE262406BB8C83D5DE140C0,74229,Beecroft Road,Cheltenham,NORTH,HEAVY VEHICLES,2023,AM PEAK,240,-33.760658,151.079620
0101000020E610000071033E3F8CE262406BB8C83D5DE140C0,74229,Beecroft Road,Cheltenham,SOUTH,ALL VEHICLES,2023,AM PEAK,5001,-33.760658,151.079620
0101000020E610000071033E3F8CE262406BB8C83D5DE140C0,74229,Beecroft Road,Cheltenham,SOUTH,LIGHT VEHICLES,2023,AM PEAK,4689,-33.760658,151.079620
0101000020E610000071033E3F8CE262406BB8C83D5DE140C0,74229,Beecroft Road,Cheltenham,SOUTH,HEAVY VEHICLES,2023,AM PEAK,312,-33.760658,151.079620
0101000020E610000071033E3F8CE262406BB8C83D5DE140C0,74229,Beecroft Road,Cheltenham,BOTH,ALL VEHICLES,2023,AM PEAK,7914,-33.760658,151.079620
0101000020E610000071033E3F8CE262406BB8C83D5DE140C0,74229,Beecroft Road,Cheltenham,BOTH,LIGHT VEHICLES,2023,AM PEAK,7362,-33.760658,151.079620
0101000020E610000071033E3F8CE262406BB8C83D5DE140C0,74229,Beecroft Road,Cheltenham,BOTH,HEAVY VEHICLES,2023,AM PEAK,552,-33.760658,151.079620
0101000020E610000071033E3F8CE262406BB8C83D5DE140C0,74229,Beecroft Road,Cheltenham,NORTH,ALL VEHICLES,2023,OFF PEAK,7037,-33.760658,151.079620
0101000020E610000071033E3F8CE262406BB8C83D5DE140C0,74229,Beecroft Road,Cheltenham,NORTH,LIGHT VEHICLES,2023,OFF PEAK,6592,-33.760658,151.079620
0101000020E610000071033E3F8CE262406BB8C83D5DE140C0,74229,Beecroft Road,Cheltenham,NORTH,HEAVY VEHICLES,2023,OFF PEAK,445,-33.760658,151.079620
0101000020E610000071033E3F8CE262406BB8C83D5DE140C0,74229,Beecroft Road,Cheltenham,SOUTH,ALL VEHICLES,2023,OFF PEAK,6450,-33.760658,151.079620
0101000020E610000071033E3F8CE262406BB8C83D5DE140C0,74229,Beecroft Road,Cheltenham,SOUTH,LIGHT VEHICLES,2023,OFF PEAK,5973,-33.760658,151.079620
0101000020E610000071033E3F8CE262406BB8C83D5DE140C0,74229,Beecroft Road,Cheltenham,SOUTH,HEAVY VEHICLES,2023,OFF PEAK,477,-33.760658,151.079620
0101000020E610000071033E3F8CE262406BB8C83D5DE140C0,74229,Beecroft Road,Cheltenham,BOTH,ALL VEHICLES,2023,OFF PEAK,13487,-33.760658,151.079620
0101000020E610000071033E3F8CE262406BB8C83D5DE140C0,74229,Beecroft Road,Cheltenham,BOTH,LIGHT VEHICLES,2023,OFF PEAK,12565,-33.760658,151.079620
0101000020E610000071033E3F8CE262406BB8C83D5DE140C0,74229,Beecroft Road,Cheltenham,BOTH,HEAVY VEHICLES,2023,OFF PEAK,922,-33.760658,151.079620
0101000020E610000071033E3F8CE262406BB8C83D5DE140C0,74229,Beecroft Road,Cheltenham,NORTH,ALL VEHICLES,2023,PM PEAK,4945,-33.760658,151.079620
0101000020E610000071033E3F8CE262406BB8C83D5DE140C0,74229,Beecroft Road,Cheltenham,NORTH,LIGHT VEHICLES,2023,PM PEAK,4752,-33.760658,151.079620
0101000020E610000071033E3F8CE262406BB8C83D5DE140C0,74229,Beecroft Road,Cheltenham,NORTH,HEAVY VEHICLES,2023,PM PEAK,193,-33.760658,151.079620
0101000020E610000071033E3F8CE262406BB8C83D5DE140C0,74229,Beecroft Road,Cheltenham,SOUTH,ALL VEHICLES,2023,PM PEAK,3300,-33.760658,151.079620
0101000020E610000071033E3F8CE262406BB8C83D5DE140C0,74229,Beecroft Road,Cheltenham,SOUTH,LIGHT VEHICLES,2023,PM PEAK,3128,-33.760658,151.079620
0101000020E610000071033E3F8CE262406BB8C83D5DE140C0,74229,Beecroft Road,Cheltenham,SOUTH,HEAVY VEHICLES,2023,PM PEAK,172,-33.760658,151.079620
0101000020E610000071033E3F8CE262406BB8C83D5DE140C0,74229,Beecroft Road,Cheltenham,BOTH,ALL VEHICLES,2023,PM PEAK,8245,-33.760658,151.079620
0101000020E610000071033E3F8CE262406BB8C83D5DE140C0,74229,Beecroft Road,Cheltenham,BOTH,LIGHT VEHICLES,2023,PM PEAK,7880,-33.760658,151.079620
0101000020E610000071033E3F8CE262406BB8C83D5DE140C0,74229,Beecroft Road,Cheltenham,BOTH,HEAVY VEHICLES,2023,PM PEAK,365,-33.760658,151.079620
0101000020E610000071033E3F8CE262406BB8C83D5DE140C0,74229,Beecroft Road,Cheltenham,NORTH,ALL VEHICLES,2023,WEEKDAYS,14895,-33.760658,151.079620
0101000020E610000071033E3F8CE262406BB8C83D5DE140C0,74229,Beecroft Road,Cheltenham,NORTH,LIGHT VEHICLES,2023,WEEKDAYS,14017,-33.760658,151.079620
0101000020E610000071033E3F8CE262406BB8C83D5DE140C0,74229,Beecroft Road,Cheltenham,NORTH,HEAVY VEHICLES,2023,WEEKDAYS,878,-33.760658,151.079620
0101000020E610000071033E3F8CE262406BB8C83D5DE140C0,74229,Beecroft Road,Cheltenham,SOUTH,ALL VEHICLES,2023,WEEKDAYS,14751,-33.760658,151.079620
0101000020E610000071033E3F8CE262406BB8C83D5DE140C0,74229,Beecroft Road,Cheltenham,SOUTH,LIGHT VEHICLES,2023,WEEKDAYS,13790,-33.760658,151.079620
0101000020E610000071033E3F8CE262406BB8C83D5DE140C0,74229,Beecroft Road,Cheltenham,SOUTH,HEAVY VEHICLES,2023,WEEKDAYS,961,-33.760658,151.079620
0101000020E610000071033E3F8CE262406BB8C83D5DE140C0,74229,Beecroft Road,Cheltenham,BOTH,ALL VEHICLES,2023,WEEKDAYS,29646,-33.760658,151.079620
0101000020E610000071033E3F8CE262406BB8C83D5DE140C0,74229,Beecroft Road,Cheltenham,BOTH,LIGHT VEHICLES,2023,WEEKDAYS,27807,-33.760658,151.079620
0101000020E610000071033E3F8CE262406BB8C83D5DE140C0,74229,Beecroft Road,Cheltenham,BOTH,HEAVY VEHICLES,2023,WEEKDAYS,1839,-33.760658,151.079620
0101000020E610000071033E3F8CE262406BB8C83D5DE140C0,74229,Beecroft Road,Cheltenham,NORTH,ALL VEHICLES,2023,WEEKENDS,13587,-33.760658,151.079620
0101000020E610000071033E3F8CE262406BB8C83D5DE140C0,74229,Beecroft Road,Cheltenham,NORTH,LIGHT VEHICLES,2023,WEEKENDS,13173,-33.760658,151.079620
0101000020E610000071033E3F8CE262406BB8C83D5DE140C0,74229,Beecroft Road,Cheltenham,NORTH,HEAVY VEHICLES,2023,WEEKENDS,414,-33.760658,151.079620
0101000020E610000071033E3F8CE262406BB8C83D5DE140C0,74229,Beecroft Road,Cheltenham,SOUTH,ALL VEHICLES,2023,WEEKENDS,13382,-33.760658,151.079620
0101000020E610000071033E3F8CE262406BB8C83D5DE140C0,74229,Beecroft Road,Cheltenham,SOUTH,LIGHT VEHICLES,2023,WEEKENDS,12933,-33.760658,151.079620
0101000020E610000071033E3F8CE262406BB8C83D5DE140C0,74229,Beecroft Road,Cheltenham,SOUTH,HEAVY VEHICLES,2023,WEEKENDS,449,-33.760658,151.079620
0101000020E610000071033E3F8CE262406BB8C83D5DE140C0,74229,Beecroft Road,Cheltenham,BOTH,ALL VEHICLES,2023,WEEKENDS,26969,-33.760658,151.079620
0101000020E610000071033E3F8CE262406BB8C83D5DE140C0,74229,Beecroft Road,Cheltenham,BOTH,LIGHT VEHICLES,2023,WEEKENDS,26106,-33.760658,151.079620
0101000020E610000071033E3F8CE262406BB8C83D5DE140C0,74229,Beecroft Road,Cheltenham,BOTH,HEAVY VEHICLES,2023,WEEKENDS,863,-33.760658,151.079620
0101000020E6100000ED66463F9AE062408B321B6492E540C0,9658,Pennant Hills Road,Oatlands,WEST,ALL VEHICLES,2023,ALL DAYS,16699,-33.793530,151.018829
0101000020E6100000ED66463F9AE062408B321B6492E540C0,9658,Pennant Hills Road,Oatlands,WEST,LIGHT VEHICLES,2023,ALL DAYS,15097,-33.793530,151.018829
0101000020E6100000ED66463F9AE062408B321B6492E540C0,9658,Pennant Hills Road,Oatlands,WEST,HEAVY VEHICLES,2023,ALL DAYS,1602,-33.793530,151.018829
0101000020E6100000ED66463F9AE062408B321B6492E540C0,9658,Pennant Hills Road,Oatlands,WEST,ALL VEHICLES,2023,AM PEAK,3870,-33.793530,151.018829
0101000020E6100000ED66463F9AE062408B321B6492E540C0,9658,Pennant Hills Road,Oatlands,WEST,LIGHT VEHICLES,2023,AM PEAK,3465,-33.793530,151.018829
0101000020E6100000ED66463F9AE062408B321B6492E540C0,9658,Pennant Hills Road,Oatlands,WEST,HEAVY VEHICLES,2023,AM PEAK,405,-33.793530,151.018829
0101000020E6100000ED66463F9AE062408B321B6492E540C0,9658,Pennant Hills Road,Oatlands,WEST,ALL VEHICLES,2023,OFF PEAK,7989,-33.793530,151.018829
0101000020E6100000ED66463F9AE062408B321B6492E540C0,9658,Pennant Hills Road,Oatlands,WEST,LIGHT VEHICLES,2023,OFF PEAK,7045,-33.793530,151.018829
0101000020E6100000ED66463F9AE062408B321B6492E540C0,9658,Pennant Hills Road,Oatlands,WEST,HEAVY VEHICLES,2023,OFF PEAK,944,-33.793530,151.018829
0101000020E6100000ED66463F9AE062408B321B6492E540C0,9658,Pennant Hills Road,Oatlands,WEST,ALL VEHICLES,2023,PM PEAK,3888,-33.793530,151.018829
0101000020E6100000ED66463F9AE062408B321B6492E540C0,9658,Pennant Hills Road,Oatlands,WEST,LIGHT VEHICLES,2023,PM PEAK,3525,-33.793530,151.018829
0101000020E6100000ED66463F9AE062408B321B6492E540C0,9658,Pennant Hills Road,Oatlands,WEST,HEAVY VEHICLES,2023,PM PEAK,363,-33.793530,151.018829
0101000020E6100000ED66463F9AE062408B321B6492E540C0,9658,Pennant Hills Road,Oatlands,WEST,ALL VEHICLES,2023,WEEKDAYS,15747,-33.793530,151.018829
0101000020E6100000ED66463F9AE062408B321B6492E540C0,9658,Pennant Hills Road,Oatlands,WEST,LIGHT VEHICLES,2023,WEEKDAYS,14035,-33.793530,151.018829
0101000020E6100000ED66463F9AE062408B321B6492E540C0,9658,Pennant Hills Road,Oatlands,WEST,HEAVY VEHICLES,2023,WEEKDAYS,1712,-33.793530,151.018829
0101000020E6100000ED66463F9AE062408B321B6492E540C0,9658,Pennant Hills Road,Oatlands,WEST,ALL VEHICLES,2023,WEEKENDS,12678,-33.793530,151.018829
0101000020E6100000ED66463F9AE062408B321B6492E540C0,9658,Pennant Hills Road,Oatlands,WEST,LIGHT VEHICLES,2023,WEEKENDS,12017,-33.793530,151.018829
0101000020E6100000ED66463F9AE062408B321B6492E540C0,9658,Pennant Hills Road,Oatlands,WEST,HEAVY VEHICLES,2023,WEEKENDS,661,-33.793530,151.018829
0101000020E6100000D09D60FFF5E262408690F3FE3F0441C0,9834-PR,Kingsway,Miranda,WEST,HEAVY VEHICLES,2023,WEEKENDS,561,-34.033203,151.092529
0101000020E6100000DE0033DFC1E362406AFAEC80EBE840C0,9836-PR,Victoria Road,Ryde,WEST,HEAVY VEHICLES,2023,WEEKENDS,955,-33.819687,151.117416
0101000020E610000015A8C5E0E1E36240EF5701BEDBD840C0,F3FWY001,Pacific Motorway,North Wahroonga,NORTH,ALL VEHICLES,2023,PM PEAK,14095,-33.694206,151.121323
0101000020E6100000E44EE9607DEE62401FA2D11DC46240C0,HEX2,Hunter Expressway,Sawyers Gully,EAST,ALL VEHICLES,2023,AM PEAK,2329,-32.771610,151.452805
0101000020E6100000E44EE9607DEE62401FA2D11DC46240C0,HEX2,Hunter Expressway,Sawyers Gully,EAST,HEAVY VEHICLES,2023,AM PEAK,417,-32.771610,151.452805
0101000020E6100000E44EE9607DEE62401FA2D11DC46240C0,HEX2,Hunter Expressway,Sawyers Gully,EAST,ALL VEHICLES,2023,WEEKENDS,8789,-32.771610,151.452805
0101000020E6100000E44EE9607DEE62401FA2D11DC46240C0,HEX2,Hunter Expressway,Sawyers Gully,EAST,LIGHT VEHICLES,2023,WEEKENDS,7815,-32.771610,151.452805
0101000020E6100000E44EE9607DEE62401FA2D11DC46240C0,HEX2,Hunter Expressway,Sawyers Gully,EAST,HEAVY VEHICLES,2023,WEEKENDS,974,-32.771610,151.452805
0101000020E61000005F7F129F3BF16240D5CDC5DFF66A40C0,HEXBUCHW-PR,Hunter Expressway,Buchanan,EAST,ALL VEHICLES,2023,ALL DAYS,16222,-32.835659,151.538528
0101000020E61000005F7F129F3BF16240D5CDC5DFF66A40C0,HEXBUCHW-PR,Hunter Expressway,Buchanan,EAST,LIGHT VEHICLES,2023,ALL DAYS,14306,-32.835659,151.538528
0101000020E61000005F7F129F3BF16240D5CDC5DFF66A40C0,HEXBUCHW-PR,Hunter Expressway,Buchanan,EAST,HEAVY VEHICLES,2023,ALL DAYS,1916,-32.835659,151.538528
0101000020E61000005F7F129F3BF16240D5CDC5DFF66A40C0,HEXBUCHW-PR,Hunter Expressway,Buchanan,EAST,ALL VEHICLES,2023,AM PEAK,4923,-32.835659,151.538528
0101000020E61000005F7F129F3BF16240D5CDC5DFF66A40C0,HEXBUCHW-PR,Hunter Expressway,Buchanan,EAST,LIGHT VEHICLES,2023,AM PEAK,4391,-32.835659,151.538528
0101000020E61000005F7F129F3BF16240D5CDC5DFF66A40C0,HEXBUCHW-PR,Hunter Expressway,Buchanan,EAST,HEAVY VEHICLES,2023,AM PEAK,532,-32.835659,151.538528
0101000020E61000005F7F129F3BF16240D5CDC5DFF66A40C0,HEXBUCHW-PR,Hunter Expressway,Buchanan,EAST,ALL VEHICLES,2023,OFF PEAK,7153,-32.835659,151.538528
0101000020E61000005F7F129F3BF16240D5CDC5DFF66A40C0,HEXBUCHW-PR,Hunter Expressway,Buchanan,EAST,LIGHT VEHICLES,2023,OFF PEAK,6067,-32.835659,151.538528
0101000020E61000005F7F129F3BF16240D5CDC5DFF66A40C0,HEXBUCHW-PR,Hunter Expressway,Buchanan,EAST,HEAVY VEHICLES,2023,OFF PEAK,1086,-32.835659,151.538528
0101000020E61000005F7F129F3BF16240D5CDC5DFF66A40C0,HEXBUCHW-PR,Hunter Expressway,Buchanan,EAST,ALL VEHICLES,2023,PM PEAK,5087,-32.835659,151.538528
0101000020E61000005F7F129F3BF16240D5CDC5DFF66A40C0,HEXBUCHW-PR,Hunter Expressway,Buchanan,EAST,LIGHT VEHICLES,2023,PM PEAK,4559,-32.835659,151.538528
0101000020E61000005F7F129F3BF16240D5CDC5DFF66A40C0,HEXBUCHW-PR,Hunter Expressway,Buchanan,EAST,HEAVY VEHICLES,2023,PM PEAK,528,-32.835659,151.538528
0101000020E61000005F7F129F3BF16240D5CDC5DFF66A40C0,HEXBUCHW-PR,Hunter Expressway,Buchanan,EAST,ALL VEHICLES,2023,WEEKDAYS,17163,-32.835659,151.538528
0101000020E61000005F7F129F3BF16240D5CDC5DFF66A40C0,HEXBUCHW-PR,Hunter Expressway,Buchanan,EAST,LIGHT VEHICLES,2023,WEEKDAYS,15017,-32.835659,151.538528
0101000020E61000005F7F129F3BF16240D5CDC5DFF66A40C0,HEXBUCHW-PR,Hunter Expressway,Buchanan,EAST,HEAVY VEHICLES,2023,WEEKDAYS,2146,-32.835659,151.538528
0101000020E61000005F7F129F3BF16240D5CDC5DFF66A40C0,HEXBUCHW-PR,Hunter Expressway,Buchanan,EAST,ALL VEHICLES,2023,WEEKENDS,12013,-32.835659,151.538528
0101000020E61000005F7F129F3BF16240D5CDC5DFF66A40C0,HEXBUCHW-PR,Hunter Expressway,Buchanan,EAST,LIGHT VEHICLES,2023,WEEKENDS,11109,-32.835659,151.538528
0101000020E61000005F7F129F3BF16240D5CDC5DFF66A40C0,HEXBUCHW-PR,Hunter Expressway,Buchanan,EAST,HEAVY VEHICLES,2023,WEEKENDS,904,-32.835659,151.538528
0101000020E61000007B6649801A40624073486AA1640042C0,MUB001,Melbourne Street,Mulwala,BOTH,HEAVY VEHICLES,2023,ALL DAYS,881,-36.003071,146.003235
0101000020E61000007B6649801A40624073486AA1640042C0,MUB001,Melbourne Street,Mulwala,BOTH,HEAVY VEHICLES,2023,OFF PEAK,473,-36.003071,146.003235
0101000020E610000049F59D5F94C0624071E2AB1DC55941C0,T0063,Hume Highway Hvcs,Marulan,SOUTH,ALL VEHICLES,2023,WEEKDAYS,14640,-34.701328,150.018112
0101000020E61000005A828C808AC062409702D2FE075A41C0,T0064,Hume Highway Hvcs,Marulan,SOUTH,ALL VEHICLES,2023,ALL DAYS,2829,-34.703369,150.016907
0101000020E61000005A828C808AC062409702D2FE075A41C0,T0064,Hume Highway Hvcs,Marulan,SOUTH,LIGHT VEHICLES,2023,WEEKDAYS,28,-34.703369,150.016907
0101000020E61000005A828C808AC062409702D2FE075A41C0,T0064,Hume Highway Hvcs,Marulan,SOUTH,LIGHT VEHICLES,2023,WEEKENDS,22,-34.703369,150.016907
0101000020E6100000DF180280E3E26240D7FA22A12DD540C0,T0085,Galston Road,Hornsby Heights,BOTH,HEAVY VEHICLES,2023,OFF PEAK,109,-33.665455,151.090271
0101000020E6100000DF180280E3E26240D7FA22A12DD540C0,T0085,Galston Road,Hornsby Heights,BOTH,HEAVY VEHICLES,2023,PM PEAK,73,-33.665455,151.090271
0101000020E6100000C24CDBBFB2A96240397D3D5FB3503FC0,T0245,Newell Highway,Tannabar,NORTH,ALL VEHICLES,2023,ALL DAYS,1178,-31.315237,149.303070
0101000020E6100000C24CDBBFB2A96240397D3D5FB3503FC0,T0245,Newell Highway,Tannabar,NORTH,LIGHT VEHICLES,2023,ALL DAYS,773,-31.315237,149.303070
0101000020E6100000C24CDBBFB2A96240397D3D5FB3503FC0,T0245,Newell Highway,Tannabar,NORTH,HEAVY VEHICLES,2023,ALL DAYS,405,-31.315237,149.303070
0101000020E6100000C24CDBBFB2A96240397D3D5FB3503FC0,T0245,Newell Highway,Tannabar,SOUTH,ALL VEHICLES,2023,ALL DAYS,1110,-31.315237,149.303070
0101000020E6100000C24CDBBFB2A96240397D3D5FB3503FC0,T0245,Newell Highway,Tannabar,SOUTH,LIGHT VEHICLES,2023,ALL DAYS,748,-31.315237,149.303070
0101000020E6100000C24CDBBFB2A96240397D3D5FB3503FC0,T0245,Newell Highway,Tannabar,SOUTH,HEAVY VEHICLES,2023,ALL DAYS,362,-31.315237,149.303070
0101000020E6100000C24CDBBFB2A96240397D3D5FB3503FC0,T0245,Newell Highway,Tannabar,BOTH,ALL VEHICLES,2023,ALL DAYS,2288,-31.315237,149.303070
0101000020E6100000C24CDBBFB2A96240397D3D5FB3503FC0,T0245,Newell Highway,Tannabar,BOTH,LIGHT VEHICLES,2023,ALL DAYS,1521,-31.315237,149.303070
0101000020E6100000C24CDBBFB2A96240397D3D5FB3503FC0,T0245,Newell Highway,Tannabar,BOTH,HEAVY VEHICLES,2023,ALL DAYS,767,-31.315237,149.303070
0101000020E6100000C24CDBBFB2A96240397D3D5FB3503FC0,T0245,Newell Highway,Tannabar,NORTH,ALL VEHICLES,2023,AM PEAK,272,-31.315237,149.303070
0101000020E6100000C24CDBBFB2A96240397D3D5FB3503FC0,T0245,Newell Highway,Tannabar,NORTH,LIGHT VEHICLES,2023,AM PEAK,189,-31.315237,149.303070
0101000020E6100000C24CDBBFB2A96240397D3D5FB3503FC0,T0245,Newell Highway,Tannabar,NORTH,HEAVY VEHICLES,2023,AM PEAK,83,-31.315237,149.303070
0101000020E6100000C24CDBBFB2A96240397D3D5FB3503FC0,T0245,Newell Highway,Tannabar,SOUTH,ALL VEHICLES,2023,AM PEAK,263,-31.315237,149.303070
0101000020E6100000C24CDBBFB2A96240397D3D5FB3503FC0,T0245,Newell Highway,Tannabar,SOUTH,LIGHT VEHICLES,2023,AM PEAK,187,-31.315237,149.303070
0101000020E6100000C24CDBBFB2A96240397D3D5FB3503FC0,T0245,Newell Highway,Tannabar,SOUTH,HEAVY VEHICLES,2023,AM PEAK,76,-31.315237,149.303070
0101000020E6100000C24CDBBFB2A96240397D3D5FB3503FC0,T0245,Newell Highway,Tannabar,BOTH,ALL VEHICLES,2023,AM PEAK,535,-31.315237,149.303070
0101000020E6100000C24CDBBFB2A96240397D3D5FB3503FC0,T0245,Newell Highway,Tannabar,BOTH,LIGHT VEHICLES,2023,AM PEAK,376,-31.315237,149.303070
0101000020E6100000C24CDBBFB2A96240397D3D5FB3503FC0,T0245,Newell Highway,Tannabar,BOTH,HEAVY VEHICLES,2023,AM PEAK,159,-31.315237,149.303070
0101000020E6100000C24CDBBFB2A96240397D3D5FB3503FC0,T0245,Newell Highway,Tannabar,NORTH,ALL VEHICLES,2023,OFF PEAK,623,-31.315237,149.303070
0101000020E6100000C24CDBBFB2A96240397D3D5FB3503FC0,T0245,Newell Highway,Tannabar,NORTH,LIGHT VEHICLES,2023,OFF PEAK,392,-31.315237,149.303070
0101000020E6100000C24CDBBFB2A96240397D3D5FB3503FC0,T0245,Newell Highway,Tannabar,NORTH,HEAVY VEHICLES,2023,OFF PEAK,231,-31.315237,149.303070
0101000020E6100000C24CDBBFB2A96240397D3D5FB3503FC0,T0245,Newell Highway,Tannabar,SOUTH,HEAVY VEHICLES,2023,OFF PEAK,226,-31.315237,149.303070
0101000020E6100000C24CDBBFB2A96240397D3D5FB3503FC0,T0245,Newell Highway,Tannabar,BOTH,HEAVY VEHICLES,2023,OFF PEAK,457,-31.315237,149.303070
0101000020E6100000C24CDBBFB2A96240397D3D5FB3503FC0,T0245,Newell Highway,Tannabar,NORTH,ALL VEHICLES,2023,PM PEAK,311,-31.315237,149.303070
0101000020E6100000C24CDBBFB2A96240397D3D5FB3503FC0,T0245,Newell Highway,Tannabar,NORTH,LIGHT VEHICLES,2023,PM PEAK,208,-31.315237,149.303070
0101000020E6100000C24CDBBFB2A96240397D3D5FB3503FC0,T0245,Newell Highway,Tannabar,NORTH,HEAVY VEHICLES,2023,PM PEAK,103,-31.315237,149.303070
0101000020E6100000C24CDBBFB2A96240397D3D5FB3503FC0,T0245,Newell Highway,Tannabar,SOUTH,ALL VEHICLES,2023,PM PEAK,266,-31.315237,149.303070
0101000020E6100000C24CDBBFB2A96240397D3D5FB3503FC0,T0245,Newell Highway,Tannabar,SOUTH,LIGHT VEHICLES,2023,PM PEAK,189,-31.315237,149.303070
0101000020E6100000C24CDBBFB2A96240397D3D5FB3503FC0,T0245,Newell Highway,Tannabar,SOUTH,HEAVY VEHICLES,2023,PM PEAK,77,-31.315237,149.303070
0101000020E6100000C24CDBBFB2A96240397D3D5FB3503FC0,T0245,Newell Highway,Tannabar,BOTH,ALL VEHICLES,2023,PM PEAK,577,-31.315237,149.303070
0101000020E6100000C24CDBBFB2A96240397D3D5FB3503FC0,T0245,Newell Highway,Tannabar,BOTH,LIGHT VEHICLES,2023,PM PEAK,397,-31.315237,149.303070
0101000020E6100000C24CDBBFB2A96240397D3D5FB3503FC0,T0245,Newell Highway,Tannabar,BOTH,HEAVY VEHICLES,2023,PM PEAK,180,-31.315237,149.303070
0101000020E6100000C24CDBBFB2A96240397D3D5FB3503FC0,T0245,Newell Highway,Tannabar,NORTH,ALL VEHICLES,2023,WEEKDAYS,1206,-31.315237,149.303070
0101000020E6100000C24CDBBFB2A96240397D3D5FB3503FC0,T0245,Newell Highway,Tannabar,NORTH,LIGHT VEHICLES,2023,WEEKDAYS,789,-31.315237,149.303070
0101000020E6100000C24CDBBFB2A96240397D3D5FB3503FC0,T0245,Newell Highway,Tannabar,NORTH,HEAVY VEHICLES,2023,WEEKDAYS,417,-31.315237,149.303070
0101000020E6100000C24CDBBFB2A96240397D3D5FB3503FC0,T0245,Newell Highway,Tannabar,SOUTH,HEAVY VEHICLES,2023,WEEKDAYS,379,-31.315237,149.303070
0101000020E6100000C24CDBBFB2A96240397D3D5FB3503FC0,T0245,Newell Highway,Tannabar,BOTH,HEAVY VEHICLES,2023,WEEKDAYS,796,-31.315237,149.303070
0101000020E6100000C24CDBBFB2A96240397D3D5FB3503FC0,T0245,Newell Highway,Tannabar,NORTH,ALL VEHICLES,2023,WEEKENDS,967,-31.315237,149.303070
0101000020E6100000C24CDBBFB2A96240397D3D5FB3503FC0,T0245,Newell Highway,Tannabar,NORTH,LIGHT VEHICLES,2023,WEEKENDS,669,-31.315237,149.303070
0101000020E6100000C24CDBBFB2A96240397D3D5FB3503FC0,T0245,Newell Highway,Tannabar,NORTH,HEAVY VEHICLES,2023,WEEKENDS,298,-31.315237,149.303070
0101000020E6100000C24CDBBFB2A96240397D3D5FB3503FC0,T0245,Newell Highway,Tannabar,SOUTH,ALL VEHICLES,2023,WEEKENDS,824,-31.315237,149.303070
0101000020E6100000C24CDBBFB2A96240397D3D5FB3503FC0,T0245,Newell Highway,Tannabar,SOUTH,LIGHT VEHICLES,2023,WEEKENDS,595,-31.315237,149.303070
0101000020E6100000C24CDBBFB2A96240397D3D5FB3503FC0,T0245,Newell Highway,Tannabar,SOUTH,HEAVY VEHICLES,2023,WEEKENDS,229,-31.315237,149.303070
0101000020E6100000C24CDBBFB2A96240397D3D5FB3503FC0,T0245,Newell Highway,Tannabar,BOTH,ALL VEHICLES,2023,WEEKENDS,1791,-31.315237,149.303070
0101000020E6100000C24CDBBFB2A96240397D3D5FB3503FC0,T0245,Newell Highway,Tannabar,BOTH,LIGHT VEHICLES,2023,WEEKENDS,1264,-31.315237,149.303070
0101000020E6100000C24CDBBFB2A96240397D3D5FB3503FC0,T0245,Newell Highway,Tannabar,BOTH,HEAVY VEHICLES,2023,WEEKENDS,527,-31.315237,149.303070
0101000020E6100000389ECF807AC06240A06B5F402F5A41C0,T0274-PR,Hume Highway,Marulan,BOTH,HEAVY VEHICLES,2023,AM PEAK,655,-34.704567,150.014954
0101000020E6100000389ECF807AC06240A06B5F402F5A41C0,T0274-PR,Hume Highway,Marulan,BOTH,HEAVY VEHICLES,2023,OFF PEAK,1200,-34.704567,150.014954
0101000020E6100000F9BA0CFF69C0624086E7A562635A41C0,T0283,Hume Highway Hvcs,Marulan,NORTH,LIGHT VEHICLES,2023,WEEKDAYS,14,-34.706158,150.012939
0101000020E6100000F9BA0CFF69C0624086E7A562635A41C0,T0283,Hume Highway Hvcs,Marulan,NORTH,LIGHT VEHICLES,2023,WEEKENDS,12,-34.706158,150.012939
0101000020E6100000BD3AC7806CC062404C3448C1535A41C0,T0284,Hume Highway Hvcs,Marulan,NORTH,ALL VEHICLES,2023,WEEKDAYS,3366,-34.705681,150.013245
0101000020E61000006FF4311F90E662404913EF004FBA40C0,T0288,Pacific Motorway Hvcs,Mount White,NORTH,LIGHT VEHICLES,2023,WEEKDAYS,20,-33.455536,151.205093
0101000020E61000006FF4311F90E662404913EF004FBA40C0,T0288,Pacific Motorway Hvcs,Mount White,NORTH,LIGHT VEHICLES,2023,WEEKENDS,14,-33.455536,151.205093
0101000020E61000003065E08096E66240022D5DC136BA40C0,T0290,Pacific Motorway Hvcs,Mount White,NORTH,LIGHT VEHICLES,2023,WEEKDAYS,22,-33.454796,151.205872
0101000020E61000001CCF67403DFB624010CF1264045440C0,T0292,Pacific Highway Hvcs,Twelve Mile Creek,SOUTH,LIGHT VEHICLES,2023,WEEKDAYS,11,-32.656384,151.851227
0101000020E61000001CCF67403DFB624010CF1264045440C0,T0292,Pacific Highway Hvcs,Twelve Mile Creek,SOUTH,LIGHT VEHICLES,2023,WEEKENDS,11,-32.656384,151.851227
0101000020E610000042CEFBFF38FB62404C5299620E5440C0,T0293,Pacific Highway Hvcs,Twelve Mile Creek,SOUTH,LIGHT VEHICLES,2023,WEEKDAYS,11,-32.656689,151.850708
0101000020E610000042CEFBFF38FB62404C5299620E5440C0,T0293,Pacific Highway Hvcs,Twelve Mile Creek,SOUTH,LIGHT VEHICLES,2023,WEEKENDS,11,-32.656689,151.850708
0101000020E6100000179F0260BCC862404B22FB20CBCE40C0,T0294,Great Western Highway Hvcs,Blackheath,EAST,ALL VEHICLES,2023,WEEKDAYS,714,-33.615574,150.272995
0101000020E6100000179F0260BCC862404B22FB20CBCE40C0,T0294,Great Western Highway Hvcs,Blackheath,EAST,LIGHT VEHICLES,2023,WEEKENDS,7,-33.615574,150.272995
0101000020E6100000753FA720BFC86240D9976C3CD8CE40C0,T0295,Great Western Highway Hvcs,Blackheath,EAST,LIGHT VEHICLES,2023,WEEKDAYS,17,-33.615974,150.273331
0101000020E6100000753FA720BFC86240D9976C3CD8CE40C0,T0295,Great Western Highway Hvcs,Blackheath,EAST,LIGHT VEHICLES,2023,WEEKENDS,9,-33.615974,150.273331
0101000020E6100000B5E0455FC1C86240E6965643E2CE40C0,T0296,Great Western Highway Hvcs,Blackheath,EAST,LIGHT VEHICLES,2023,WEEKDAYS,16,-33.616280,150.273605
0101000020E6100000B5E0455FC1C86240E6965643E2CE40C0,T0296,Great Western Highway Hvcs,Blackheath,EAST,LIGHT VEHICLES,2023,WEEKENDS,9,-33.616280,150.273605
0101000020E61000002F3201BFC6C86240CC9717601FCF40C0,T0297,Great Western Highway Hvcs,Blackheath,WEST,ALL VEHICLES,2023,PM PEAK,89,-33.618145,150.274261
0101000020E61000002F3201BFC6C86240CC9717601FCF40C0,T0297,Great Western Highway Hvcs,Blackheath,WEST,LIGHT VEHICLES,2023,WEEKDAYS,11,-33.618145,150.274261
0101000020E610000000FDBE7FF3E162406AA67B9DD4D340C0,T0337,Galston Road,Galston,BOTH,ALL VEHICLES,2023,WEEKENDS,3761,-33.654926,151.060974
0101000020E6100000369204E10AE262406B48DC63E9D340C0,T0342,Galston Road,Galston,BOTH,HEAVY VEHICLES,2023,PM PEAK,94,-33.655560,151.063828
0101000020E6100000369204E10AE262406B48DC63E9D340C0,T0342,Galston Road,Galston,EAST,HEAVY VEHICLES,2023,WEEKDAYS,167,-33.655560,151.063828
0101000020E6100000369204E10AE262406B48DC63E9D340C0,T0342,Galston Road,Galston,WEST,HEAVY VEHICLES,2023,WEEKENDS,87,-33.655560,151.063828
0101000020E6100000FBE769C020E36240362383DC45D840C0,T0345,Galston Road,Hornsby,BOTH,HEAVY VEHICLES,2023,AM PEAK,296,-33.689632,151.097748
0101000020E610000094F6065F18C96240C26D6DE179C140C0,T0384,Bells Line Of Road,Bell,BOTH,HEAVY VEHICLES,2023,OFF PEAK,282,-33.511532,150.284225
0101000020E610000094F6065F18C96240C26D6DE179C140C0,T0384,Bells Line Of Road,Bell,BOTH,HEAVY VEHICLES,2023,PM PEAK,118,-33.511532,150.284225
0101000020E610000094F6065F18C96240C26D6DE179C140C0,T0384,Bells Line Of Road,Bell,BOTH,HEAVY VEHICLES,2023,WEEKENDS,433,-33.511532,150.284225
0101000020E6100000B0CBF09F6EC0624029417FA1475A41C0,T0478,Hume Highway Hvcs,Marulan,NORTH,ALL VEHICLES,2023,PM PEAK,475,-34.705311,150.013504
0101000020E6100000B0CBF09F6EC0624029417FA1475A41C0,T0478,Hume Highway Hvcs,Marulan,NORTH,LIGHT VEHICLES,2023,WEEKDAYS,17,-34.705311,150.013504
0101000020E6100000B0CBF09F6EC0624029417FA1475A41C0,T0478,Hume Highway Hvcs,Marulan,NORTH,LIGHT VEHICLES,2023,WEEKENDS,12,-34.705311,150.013504
0101000020E61000007427D87F9DE66240711B0DE02DBA40C0,T0479-PR,Pacific Motorway,Mount White,BOTH,ALL VEHICLES,2023,WEEKENDS,77002,-33.454525,151.206726
0101000020E6100000F19F6EA0C0D26240D4D688601C2841C0,T0492,Remembrance Driveway,Bargo,WEST,ALL VEHICLES,2023,PM PEAK,1069,-34.313366,150.586014
0101000020E6100000F19F6EA0C0D26240D4D688601C2841C0,T0492,Remembrance Driveway,Bargo,EAST,HEAVY VEHICLES,2023,WEEKDAYS,348,-34.313366,150.586014
0101000020E6100000A46E675FF9BF6240D788601C5C5841C0,T0494,Jaorimin Road,Marulan,NORTH,ALL VEHICLES,2023,PM PEAK,45,-34.690311,149.999191
0101000020E6100000A46E675FF9BF6240D788601C5C5841C0,T0494,Jaorimin Road,Marulan,SOUTH,ALL VEHICLES,2023,PM PEAK,29,-34.690311,149.999191
0101000020E6100000A46E675FF9BF6240D788601C5C5841C0,T0494,Jaorimin Road,Marulan,BOTH,ALL VEHICLES,2023,PM PEAK,74,-34.690311,149.999191
0101000020E61000008AC91B6066C062404128EFE3685A41C0,T0496,Hume Highway Hvcs,Marulan,NORTH,ALL VEHICLES,2023,ALL DAYS,571,-34.706326,150.012497
0101000020E61000008AC91B6066C062404128EFE3685A41C0,T0496,Hume Highway Hvcs,Marulan,NORTH,HEAVY VEHICLES,2023,WEEKDAYS,100,-34.706326,150.012497
0101000020E61000008AC91B6066C062404128EFE3685A41C0,T0496,Hume Highway Hvcs,Marulan,NORTH,LIGHT VEHICLES,2023,WEEKENDS,438,-34.706326,150.012497
